id,orderNumber,barcode,clientId,productPrice,shippingFee,tax,adjustmentAmount,totalAmount,finalAmount,paymentMethod,paymentStatus,status,currentProcess,isUrgent,requestedDeliveryDate,customerMemo,productMemo,adminMemo,orderedAt,createdAt,updatedAt,isDuplicateOverride,createdByUserId,printQueueEnteredAt,printQueueExitReason,printQueueExitedAt,printQueueStatus
cmn8t0k4m000pcc2hikxdrc2q,260327-001,MN8T0K4HN8C7,cmmagsozx0002tjo9f0wsln3v,132250.00,0.00,0.00,0.00,132250.00,132250.00,postpaid,pending,pending_receipt,receipt_pending,f,,,,,2026-03-27 11:14:28.198,2026-03-27 11:14:28.198,2026-03-27 11:14:28.198,f,,,,,
cmlg6m6g3000pws51na8ajy3z,260210-005,MLG6M6G2JX4D,cml5w4ssp0001v7vnm48qzlwz,19000.00,5500.00,1900.00,0.00,26400.00,26400.00,postpaid,pending,receipt_completed,reception_complete,f,,,,,2026-02-10 05:50:10.467,2026-02-10 05:50:10.467,2026-02-25 04:07:43.813,f,,,,,
cmlg6m6fj000jws51y9f288of,260210-004,MLG6M6FIYIXY,cml5w4ssp0001v7vnm48qzlwz,80000.00,5500.00,8000.00,0.00,93500.00,93500.00,postpaid,pending,receipt_completed,reception_complete,f,,,,,2026-02-10 05:50:10.448,2026-02-10 05:50:10.448,2026-02-25 04:07:43.815,f,,,,,
cmlg6m6ef0007ws51vh4ne6qw,260210-002,MLG6M6EEM081,cml5w4ssp0001v7vnm48qzlwz,38000.00,5500.00,3800.00,0.00,47300.00,47300.00,postpaid,pending,receipt_completed,reception_complete,f,,,,,2026-02-10 05:50:10.408,2026-02-10 05:50:10.408,2026-02-25 04:07:43.816,f,,,,,
cmlg6m6f0000dws511mr6yc6k,260210-003,MLG6M6F019S3,cml5w4ssp0001v7vnm48qzlwz,42500.00,5500.00,4250.00,0.00,52250.00,52250.00,postpaid,pending,receipt_completed,reception_complete,f,,,,,2026-02-10 05:50:10.429,2026-02-10 05:50:10.429,2026-02-25 04:07:43.817,f,,,,,
cmlg90nty000112pqw0m5p6nd,260210-006,MLG90NTX9HXP,cmkg8vzuf0000at5m0dyaydie,10000.00,3000.00,1000.00,0.00,14000.00,14000.00,postpaid,pending,cancelled,order_cancelled,f,,,,,2026-02-10 06:57:25.414,2026-02-10 06:57:25.414,2026-02-25 04:07:43.818,f,,,,,
cmleilfct000114aqlh7tlmos,260209-011,MLEILFCSCVVZ,cml5w4ssp0001v7vnm48qzlwz,9000.00,0.00,900.00,0.00,9900.00,9900.00,postpaid,pending,pending_receipt,receipt_pending,f,,,,,2026-02-09 01:49:58.398,2026-02-09 01:49:58.398,2026-02-24 08:06:42.895,f,,,,,
cmlei22ij0001coa4y1m3bt9q,260209-001,MLEI22IINZ0M,cml5w4ssp0001v7vnm48qzlwz,9000.00,0.00,900.00,0.00,9900.00,9900.00,postpaid,pending,pending_receipt,receipt_pending,f,,,,,2026-02-09 01:34:55.292,2026-02-09 01:34:55.292,2026-02-24 08:06:42.887,f,,,,,
cmlei22jj0006coa43sx3jc95,260209-002,MLEI22JI47ZM,cml5w4ssp0001v7vnm48qzlwz,9000.00,0.00,900.00,0.00,9900.00,9900.00,postpaid,pending,pending_receipt,receipt_pending,f,,,,,2026-02-09 01:34:55.327,2026-02-09 01:34:55.327,2026-02-24 08:06:42.889,f,,,,,
cmlei22k5000bcoa4k7d90mo3,260209-003,MLEI22K4N1SV,cml5w4ssp0001v7vnm48qzlwz,9000.00,0.00,900.00,0.00,9900.00,9900.00,postpaid,pending,pending_receipt,receipt_pending,f,,,,,2026-02-09 01:34:55.349,2026-02-09 01:34:55.349,2026-02-24 08:06:42.889,f,,,,,
cmlei22kr000gcoa4254l6z0p,260209-004,MLEI22KQ2OFP,cml5w4ssp0001v7vnm48qzlwz,9000.00,0.00,900.00,0.00,9900.00,9900.00,postpaid,pending,pending_receipt,receipt_pending,f,,,,,2026-02-09 01:34:55.371,2026-02-09 01:34:55.371,2026-02-24 08:06:42.89,f,,,,,
cmlei22lc000lcoa4z05337h8,260209-005,MLEI22LBJJOO,cml5w4ssp0001v7vnm48qzlwz,9000.00,0.00,900.00,0.00,9900.00,9900.00,postpaid,pending,pending_receipt,receipt_pending,f,,,,,2026-02-09 01:34:55.392,2026-02-09 01:34:55.392,2026-02-24 08:06:42.891,f,,,,,
cmlei22lw000qcoa4j6jrruqu,260209-006,MLEI22LWU2S6,cml5w4ssp0001v7vnm48qzlwz,9000.00,0.00,900.00,0.00,9900.00,9900.00,postpaid,pending,pending_receipt,receipt_pending,f,,,,,2026-02-09 01:34:55.413,2026-02-09 01:34:55.413,2026-02-24 08:06:42.892,f,,,,,
cmlei22mh000vcoa41oadyxjz,260209-007,MLEI22MH4N0J,cml5w4ssp0001v7vnm48qzlwz,9000.00,0.00,900.00,0.00,9900.00,9900.00,postpaid,pending,pending_receipt,receipt_pending,f,,,,,2026-02-09 01:34:55.434,2026-02-09 01:34:55.434,2026-02-24 08:06:42.892,f,,,,,
cmlei22n10010coa45clnhoav,260209-008,MLEI22N0B4XX,cml5w4ssp0001v7vnm48qzlwz,9000.00,0.00,900.00,0.00,9900.00,9900.00,postpaid,pending,pending_receipt,receipt_pending,f,,,,,2026-02-09 01:34:55.453,2026-02-09 01:34:55.453,2026-02-24 08:06:42.893,f,,,,,
cmlei22nk0015coa4wc3moq49,260209-009,MLEI22NJILPK,cml5w4ssp0001v7vnm48qzlwz,9000.00,0.00,900.00,0.00,9900.00,9900.00,postpaid,pending,pending_receipt,receipt_pending,f,,,,,2026-02-09 01:34:55.472,2026-02-09 01:34:55.472,2026-02-24 08:06:42.894,f,,,,,
cmlei22o2001acoa4g2vzozpy,260209-010,MLEI22O2S9MN,cml5w4ssp0001v7vnm48qzlwz,0.00,0.00,0.00,0.00,0.00,0.00,postpaid,pending,pending_receipt,receipt_pending,f,,,,,2026-02-09 01:34:55.491,2026-02-09 01:34:55.491,2026-02-24 08:06:42.894,f,,,,,
cmleilfdq000614aqa4qgmd3d,260209-012,MLEILFDO647Q,cml5w4ssp0001v7vnm48qzlwz,9000.00,0.00,900.00,0.00,9900.00,9900.00,postpaid,pending,pending_receipt,receipt_pending,f,,,,,2026-02-09 01:49:58.43,2026-02-09 01:49:58.43,2026-02-24 08:06:42.895,f,,,,,
cmleilfeb000b14aq806r14n7,260209-013,MLEILFEAKZAC,cml5w4ssp0001v7vnm48qzlwz,9000.00,5500.00,900.00,0.00,15400.00,15400.00,postpaid,pending,pending_receipt,receipt_pending,f,,,,,2026-02-09 01:49:58.451,2026-02-09 01:49:58.451,2026-02-24 08:06:42.896,f,,,,,
cmleilfew000h14aq2ncga188,260209-014,MLEILFEVJ3MA,cml5w4ssp0001v7vnm48qzlwz,9000.00,0.00,900.00,0.00,9900.00,9900.00,postpaid,pending,pending_receipt,receipt_pending,f,,,,,2026-02-09 01:49:58.472,2026-02-09 01:49:58.472,2026-02-24 08:06:42.897,f,,,,,
cmleilffg000m14aq35jarivo,260209-015,MLEILFFFKU2E,cml5w4ssp0001v7vnm48qzlwz,9000.00,0.00,900.00,0.00,9900.00,9900.00,postpaid,pending,pending_receipt,receipt_pending,f,,,,,2026-02-09 01:49:58.492,2026-02-09 01:49:58.492,2026-02-24 08:06:42.897,f,,,,,
cmleilfg1000r14aqk2mbknc4,260209-016,MLEILFFZ1VB6,cml5w4ssp0001v7vnm48qzlwz,9000.00,0.00,900.00,0.00,9900.00,9900.00,postpaid,pending,pending_receipt,receipt_pending,f,,,,,2026-02-09 01:49:58.513,2026-02-09 01:49:58.513,2026-02-24 08:06:42.898,f,,,,,
cmleilfgl000w14aqnhramooj,260209-017,MLEILFGKH5Y2,cml5w4ssp0001v7vnm48qzlwz,9000.00,0.00,900.00,0.00,9900.00,9900.00,postpaid,pending,pending_receipt,receipt_pending,f,,,,,2026-02-09 01:49:58.533,2026-02-09 01:49:58.533,2026-02-24 08:06:42.899,f,,,,,
cmleilfh4001114aq48y9pke5,260209-018,MLEILFH341JG,cml5w4ssp0001v7vnm48qzlwz,9000.00,0.00,900.00,0.00,9900.00,9900.00,postpaid,pending,pending_receipt,receipt_pending,f,,,,,2026-02-09 01:49:58.553,2026-02-09 01:49:58.553,2026-02-24 08:06:42.899,f,,,,,
cmleilfho001614aq9cow7r3p,260209-019,MLEILFHNQC14,cml5w4ssp0001v7vnm48qzlwz,9000.00,0.00,900.00,0.00,9900.00,9900.00,postpaid,pending,pending_receipt,receipt_pending,f,,,,,2026-02-09 01:49:58.572,2026-02-09 01:49:58.572,2026-02-24 08:06:42.9,f,,,,,
cmleilfi7001b14aqcviu7r36,260209-020,MLEILFI6WMON,cml5w4ssp0001v7vnm48qzlwz,9000.00,0.00,900.00,0.00,9900.00,9900.00,postpaid,pending,pending_receipt,receipt_pending,f,,,,,2026-02-09 01:49:58.592,2026-02-09 01:49:58.592,2026-02-24 08:06:42.901,f,,,,,
cmleilfir001g14aq1rtiv5q5,260209-021,MLEILFIQ9UD4,cml5w4ssp0001v7vnm48qzlwz,9000.00,0.00,900.00,0.00,9900.00,9900.00,postpaid,pending,pending_receipt,receipt_pending,f,,,,,2026-02-09 01:49:58.612,2026-02-09 01:49:58.612,2026-02-24 08:06:42.901,f,,,,,
cmlen7orm0001sr3qmcd841rx,260209-022,MLEN7ORJRFVV,cml5w4ssp0001v7vnm48qzlwz,20400.00,0.00,2040.00,0.00,22440.00,22440.00,postpaid,pending,pending_receipt,receipt_pending,f,,,,,2026-02-09 03:59:15.489,2026-02-09 03:59:15.489,2026-02-24 08:06:42.902,f,,,,,
cmlen7osl0006sr3qvnwoibxr,260209-023,MLEN7OSK8PG6,cml5w4ssp0001v7vnm48qzlwz,40800.00,0.00,4080.00,0.00,44880.00,44880.00,postpaid,pending,pending_receipt,receipt_pending,f,,,,,2026-02-09 03:59:15.525,2026-02-09 03:59:15.525,2026-02-24 08:06:42.902,f,,,,,
cmleoaly9000614anqk53cmjj,260209-025,MLEOALY8NSZ7,cml5w4ssp0001v7vnm48qzlwz,80000.00,0.00,8000.00,0.00,88000.00,88000.00,postpaid,pending,pending_receipt,receipt_pending,f,,,,,2026-02-09 04:29:31.425,2026-02-09 04:29:31.425,2026-02-24 08:06:42.904,f,,,,,
cmlepd5ke0001xbco6kiqxock,260209-026,MLEPD5KCODB1,cml5w4ssp0001v7vnm48qzlwz,20400.00,0.00,2040.00,0.00,22440.00,22440.00,postpaid,pending,pending_receipt,receipt_pending,f,,,,,2026-02-09 04:59:29.774,2026-02-09 04:59:29.774,2026-02-24 08:06:42.905,f,,,,,
cmlepd5l50006xbcof2y49g24,260209-027,MLEPD5L40Y9T,cml5w4ssp0001v7vnm48qzlwz,40800.00,0.00,4080.00,0.00,44880.00,44880.00,postpaid,pending,pending_receipt,receipt_pending,f,,,,,2026-02-09 04:59:29.802,2026-02-09 04:59:29.802,2026-02-24 08:06:42.905,f,,,,,
cmlg6m6d00001ws516ejb766e,260210-001,MLG6M6CZPT1N,cml5w4ssp0001v7vnm48qzlwz,19000.00,5500.00,1900.00,0.00,26400.00,26400.00,postpaid,pending,pending_receipt,receipt_pending,f,,,,,2026-02-10 05:50:10.356,2026-02-10 05:50:10.356,2026-02-24 08:06:42.906,f,,,,,
cmlgangpx0001m4uirrrzloi5,260210-007,MLGANGPWDIJ4,cml5w4ssp0001v7vnm48qzlwz,21800.00,5500.00,2180.00,0.00,29480.00,29480.00,postpaid,pending,pending_receipt,receipt_pending,f,,,,,2026-02-10 07:43:08.902,2026-02-10 07:43:08.902,2026-02-24 08:06:42.91,f,,,,,
cmlgangrc000jm4uiisnf9uxu,260210-009,MLGANGRBREMZ,cml5w4ssp0001v7vnm48qzlwz,38000.00,5500.00,3800.00,0.00,47300.00,47300.00,postpaid,pending,pending_receipt,receipt_pending,f,,,,,2026-02-10 07:43:08.952,2026-02-10 07:43:08.952,2026-02-24 08:06:42.91,f,,,,,
cmm1g582h001jci5io0fv2x3p,260225-002,MM1G582EASE2,cmlc48lcw00017cvnisoyrvqk,49000.00,5500.00,4900.00,0.00,59400.00,59400.00,postpaid,pending,pending_receipt,receipt_pending,f,,,,,2026-02-25 03:00:05.274,2026-02-25 03:00:05.274,2026-02-25 03:00:05.274,f,,,,,
cmm0brq2f00027egst0gxt8mg,260224-009,MM0BRQ2B3CDO,cml5w4ssp0001v7vnm48qzlwz,34000.00,5500.00,3400.00,0.00,42900.00,42900.00,postpaid,pending,ready_for_shipping,shipping_waiting,f,,,,,2026-02-24 08:09:50.776,2026-02-24 08:09:50.776,2026-02-25 04:07:43.821,f,,,,,
cmlunfo4i0014lhkvplv4ey8l,260220-008,MLUNFO4FAGHF,cmlc48lcw00017cvnisoyrvqk,44500.00,5500.00,4450.00,0.00,54450.00,54450.00,postpaid,pending,cancelled,order_cancelled,f,,,,,2026-02-20 08:49:46.722,2026-02-20 08:49:46.722,2026-02-25 04:07:43.822,f,,,,,
cmluncomc0002lhkvqka525st,260220-007,MLUNCOMAYFM7,cmlc48lcw00017cvnisoyrvqk,44500.00,5500.00,4450.00,0.00,54450.00,54450.00,postpaid,pending,cancelled,order_cancelled,f,,,,,2026-02-20 08:47:27.396,2026-02-20 08:47:27.396,2026-02-25 04:07:43.823,f,,,,,
cmlun27yb00021tt9sjcumln9,260220-006,MLUN27Y9LUTH,cmlc48lcw00017cvnisoyrvqk,44500.00,5500.00,4450.00,38500.00,54450.00,15950.00,postpaid,pending,receipt_completed,reception_complete,f,,,,,2026-02-20 08:39:19.235,2026-02-20 08:39:19.235,2026-02-25 04:07:43.823,f,,,,,
cmlume7p8000plsaq3n3uhupe,260220-005,MLUME7P67L02,cmlc48lcw00017cvnisoyrvqk,29400.00,5500.00,2940.00,38500.00,37840.00,0.00,postpaid,pending,receipt_completed,reception_complete,f,,,,,2026-02-20 08:20:39.165,2026-02-20 08:20:39.165,2026-02-25 04:07:43.824,t,,,,,
cmlume7nz0002lsaq096lqbik,260220-004,MLUME7NVWVDT,cmlc48lcw00017cvnisoyrvqk,31000.00,5500.00,3100.00,38500.00,39600.00,1100.00,postpaid,pending,receipt_completed,reception_complete,f,,,,,2026-02-20 08:20:39.119,2026-02-20 08:20:39.119,2026-02-25 04:07:43.825,t,,,,,
cmlulmxip001sn0enphh5nnln,260220-003,MLULMXIN4ZHK,cmlc48lcw00017cvnisoyrvqk,64400.00,5500.00,6440.00,38500.00,76340.00,37840.00,postpaid,pending,receipt_completed,reception_complete,f,,,,,2026-02-20 07:59:26.257,2026-02-20 07:59:26.257,2026-02-25 04:07:43.826,f,,,,,
cmlulmxgu0013n0envcpsr1xn,260220-002,MLULMXGR37RJ,cmlc48lcw00017cvnisoyrvqk,34000.00,5500.00,3400.00,38500.00,42900.00,4400.00,postpaid,pending,receipt_completed,reception_complete,f,,,,,2026-02-20 07:59:26.19,2026-02-20 07:59:26.19,2026-02-25 04:07:43.826,f,,,,,
cmlulmxel000gn0enx5y2sxq0,260220-001,MLULMXEISFYA,cmlc48lcw00017cvnisoyrvqk,31000.00,5500.00,3100.00,38500.00,39600.00,1100.00,postpaid,pending,receipt_completed,reception_complete,f,,,,,2026-02-20 07:59:26.109,2026-02-20 07:59:26.109,2026-02-25 04:07:43.827,f,,,,,
cmlgangqs000am4uis9ruguwb,260210-008,MLGANGQRCPCW,cml5w4ssp0001v7vnm48qzlwz,21800.00,5500.00,2180.00,0.00,29480.00,29480.00,postpaid,pending,cancelled,order_cancelled,f,,,,,2026-02-10 07:43:08.932,2026-02-10 07:43:08.932,2026-02-25 04:07:43.828,f,,,,,
cmliv3yod002rncs9xy4bylg4,260212-006,MLIV3YO5GG9R,cmkg8vzuf0000at5m0dyaydie,26000.00,5500.00,2600.00,0.00,34100.00,34100.00,postpaid,pending,receipt_completed,reception_complete,f,,,,,2026-02-12 02:51:23.341,2026-02-12 02:51:23.341,2026-02-25 04:07:43.828,f,,,,,
cmlix17ol0001rzu14zdkqijq,260212-007,MLIX17OB8Z9D,cmkg8vzuf0000at5m0dyaydie,26800.00,5500.00,2680.00,0.00,34980.00,34980.00,postpaid,pending,in_production,print_waiting,f,,,,,2026-02-12 03:45:14.276,2026-02-12 03:45:14.276,2026-02-25 04:07:55.513,f,,,,,
cmlj0eatm0003kqejqust11ek,260212-008,MLJ0EATAQWKW,cmkg8vzuf0000at5m0dyaydie,30500.00,5500.00,3050.00,0.00,39050.00,39050.00,postpaid,pending,in_production,print_waiting,f,,,,,2026-02-12 05:19:23.721,2026-02-12 05:19:23.721,2026-02-25 04:07:55.513,f,,,,,
cmm0bw4wc001c7egs1isk4b3z,260224-011,MM0BW4W8Q9OQ,cml5w4ssp0001v7vnm48qzlwz,49000.00,5500.00,4900.00,0.00,59400.00,59400.00,postpaid,pending,ready_for_shipping,shipping_waiting,f,,,,,2026-02-24 08:13:16.62,2026-02-24 08:13:16.62,2026-02-25 04:07:43.819,f,,,,,
cmm0bw4lt000x7egs08bqwot4,260224-010,MM0BW4LOBV0V,cml5w4ssp0001v7vnm48qzlwz,14500.00,5500.00,1450.00,5500.00,21450.00,21450.00,postpaid,pending,ready_for_shipping,shipping_waiting,f,,,,,2026-02-24 08:13:16.241,2026-02-24 08:13:16.241,2026-02-25 04:07:43.82,f,,,,,
cmm1jp3ty000xtaekyxst15kq,260225-005,MM1JP3TWYZ9I,cmlc48lcw00017cvnisoyrvqk,11000.00,0.00,1100.00,0.00,12100.00,12100.00,postpaid,pending,ready_for_shipping,receipt_pending,f,,,,,2026-02-25 04:39:31.751,2026-02-25 04:39:31.751,2026-02-25 04:41:46.453,t,,,,,
cmm36kwiq0002v1mkzzkbubcz,260226-004,MM36KWIMPB1S,cmlc48lcw00017cvnisoyrvqk,27500.00,5500.00,2750.00,0.00,35750.00,35750.00,postpaid,pending,pending_receipt,receipt_pending,f,,,,,2026-02-26 08:07:52.994,2026-02-26 08:07:52.994,2026-02-26 08:07:52.994,t,,,,,
cmm3860hf000s83kyigjkyoaw,260226-006,MM3860HCVAIH,cmlc48lcw00017cvnisoyrvqk,13750.00,0.00,1375.00,0.00,15125.00,15125.00,postpaid,pending,pending_receipt,receipt_pending,f,,,,,2026-02-26 08:52:17.523,2026-02-26 08:52:17.523,2026-02-26 08:52:17.523,f,,,,,
cmm3860s7001d83kysgk146dz,260226-007,MM3860S6XX5S,cmlc48lcw00017cvnisoyrvqk,26600.00,0.00,2660.00,0.00,29260.00,29260.00,postpaid,pending,ready_for_shipping,receipt_pending,f,,,,,2026-02-26 08:52:17.912,2026-02-26 08:52:17.912,2026-02-26 08:55:45.292,f,,,,,
cmm2rj9zw0012o9yx0bxg7cd8,260226-002,MM2RJ9ZSXP78,cmlc48lcw00017cvnisoyrvqk,43750.00,0.00,4375.00,5500.00,48125.00,42625.00,card,pending,shipped,delivered,f,,,,,2026-02-26 01:06:42.908,2026-02-26 01:06:42.908,2026-02-27 03:00:01.263,f,,,,,
cmmzty8em000972mkiedf1y7f,260321-002,MMZTY8EHJUT5,cmkg8vzuf0000at5m0dyaydie,120600.00,0.00,0.00,0.00,120600.00,120600.00,postpaid,pending,pending_receipt,receipt_pending,f,,,,,2026-03-21 04:30:43.726,2026-03-21 04:30:43.726,2026-03-21 04:30:43.726,f,,,,,
cmlgangs6000sm4ui7713no16,260210-010,MLGANGS5XV1V,cml5w4ssp0001v7vnm48qzlwz,20400.00,5500.00,2040.00,0.00,27940.00,27940.00,postpaid,pending,pending_receipt,receipt_pending,f,,,,,2026-02-10 07:43:08.982,2026-02-10 07:43:08.982,2026-02-24 08:06:42.911,f,,,,,
cmlhmuxld000266cxcumoi7da,260211-001,MLHMUXLCDVC4,cmlc48lcw00017cvnisoyrvqk,18400.00,5500.00,1840.00,0.00,25740.00,25740.00,postpaid,pending,pending_receipt,receipt_pending,f,,,,,2026-02-11 06:12:38.93,2026-02-11 06:12:38.93,2026-02-24 08:06:42.911,f,,,,,
cmlhmuxm7000866cx399x0agh,260211-002,MLHMUXM6KANZ,cmlc48lcw00017cvnisoyrvqk,19800.00,5500.00,1980.00,0.00,27280.00,27280.00,postpaid,pending,pending_receipt,receipt_pending,f,,,,,2026-02-11 06:12:38.959,2026-02-11 06:12:38.959,2026-02-24 08:06:42.912,f,,,,,
cmlhmuxms000e66cx3n1svxox,260211-003,MLHMUXMRY2CD,cmlc48lcw00017cvnisoyrvqk,17000.00,5500.00,1700.00,0.00,24200.00,24200.00,postpaid,pending,pending_receipt,receipt_pending,f,,,,,2026-02-11 06:12:38.98,2026-02-11 06:12:38.98,2026-02-24 08:06:42.913,f,,,,,
cmlhmuxnc000k66cx75945m0b,260211-004,MLHMUXNB4K24,cmlc48lcw00017cvnisoyrvqk,51500.00,5500.00,5150.00,0.00,62150.00,62150.00,postpaid,pending,pending_receipt,receipt_pending,f,,,,,2026-02-11 06:12:39,2026-02-11 06:12:39,2026-02-24 08:06:42.913,f,,,,,
cmlhmuxnx000t66cx94ogl2pk,260211-005,MLHMUXNWUQ8V,cmlc48lcw00017cvnisoyrvqk,15000.00,5500.00,1500.00,0.00,22000.00,22000.00,postpaid,pending,pending_receipt,receipt_pending,f,,,,,2026-02-11 06:12:39.021,2026-02-11 06:12:39.021,2026-02-24 08:06:42.914,f,,,,,
cmlhmuxoj001566cx8eyurt5r,260211-006,MLHMUXOIN4AX,cmlc48lcw00017cvnisoyrvqk,15400.00,5500.00,1540.00,0.00,22440.00,22440.00,postpaid,pending,pending_receipt,receipt_pending,f,,,,,2026-02-11 06:12:39.043,2026-02-11 06:12:39.043,2026-02-24 08:06:42.915,f,,,,,
cmliskdm90001nmb03y3p68m3,260212-001,MLISKDM7MBBQ,cmlc48lcw00017cvnisoyrvqk,22600.00,5500.00,2260.00,0.00,30360.00,30360.00,postpaid,pending,pending_receipt,receipt_pending,f,,,,,2026-02-12 01:40:10.353,2026-02-12 01:40:10.353,2026-02-24 08:06:42.915,f,,,,,
cmliskdnm000anmb0318edlrr,260212-002,MLISKDNLHWGY,cmlc48lcw00017cvnisoyrvqk,21200.00,5500.00,2120.00,0.00,28820.00,28820.00,postpaid,pending,pending_receipt,receipt_pending,f,,,,,2026-02-12 01:40:10.402,2026-02-12 01:40:10.402,2026-02-24 08:06:42.916,f,,,,,
cmliu5jst0001ncs98t8mffih,260212-003,MLIU5JS6JTLU,cmlc48lcw00017cvnisoyrvqk,54000.00,5500.00,5400.00,0.00,64900.00,64900.00,postpaid,pending,pending_receipt,receipt_pending,f,,,,,2026-02-12 02:24:37.754,2026-02-12 02:24:37.754,2026-02-24 08:06:42.917,f,,,,,
cmliu5jy8001ancs9qtts0akd,260212-004,MLIU5JXOELGS,cmlc48lcw00017cvnisoyrvqk,34400.00,5500.00,3440.00,0.00,43340.00,43340.00,postpaid,pending,pending_receipt,receipt_pending,f,,,,,2026-02-12 02:24:37.95,2026-02-12 02:24:37.95,2026-02-24 08:06:42.918,f,,,,,
cmliu5k1c0025ncs9l67cx4uf,260212-005,MLIU5K15DKEE,cmlc48lcw00017cvnisoyrvqk,19000.00,5500.00,1900.00,0.00,26400.00,26400.00,postpaid,pending,pending_receipt,receipt_pending,f,,,,,2026-02-12 02:24:38.063,2026-02-12 02:24:38.063,2026-02-24 08:06:42.918,f,,,,,
cmluqbz490002n04hkttw8vcl,260220-011,MLUQBZ474SUZ,cmlc48lcw00017cvnisoyrvqk,44500.00,5500.00,4450.00,0.00,54450.00,54450.00,postpaid,pending,pending_receipt,receipt_pending,f,,,,,2026-02-20 10:10:53.193,2026-02-20 10:10:53.193,2026-02-20 10:10:53.193,t,,,,,
cmlur5t6s003tn04hud3tt493,260220-015,MLUR5T6REXZ4,cmlc48lcw00017cvnisoyrvqk,23200.00,5500.00,2320.00,0.00,31020.00,31020.00,postpaid,pending,pending_receipt,receipt_pending,f,,,,,2026-02-20 10:34:05.189,2026-02-20 10:34:05.189,2026-02-20 10:34:05.189,t,,,,,
cmluslrf1001zbog7vetnh4df,260220-016,MLUSLREZ0Q33,cmlc48lcw00017cvnisoyrvqk,23200.00,0.00,2320.00,0.00,25520.00,25520.00,postpaid,pending,pending_receipt,receipt_pending,f,,,,,2026-02-20 11:14:29.005,2026-02-20 11:14:29.005,2026-02-20 11:14:29.005,t,,,,,
cmluslrgc002kbog75owzuyjh,260220-017,MLUSLRGBTEIK,cmlc48lcw00017cvnisoyrvqk,24600.00,0.00,2460.00,0.00,27060.00,27060.00,postpaid,pending,pending_receipt,receipt_pending,f,,,,,2026-02-20 11:14:29.053,2026-02-20 11:14:29.053,2026-02-20 11:14:29.053,t,,,,,
cmluqbz69001zn04hdqew5qgp,260220-013,MLUQBZ68C78B,cmlc48lcw00017cvnisoyrvqk,19000.00,5500.00,1900.00,38500.00,26400.00,0.00,postpaid,pending,pending_receipt,receipt_pending,f,,,,,2026-02-20 10:10:53.266,2026-02-20 10:10:53.266,2026-02-20 12:45:37.625,f,,,,,
cmlylac1y004xlpoaucpshxgb,260223-004,MLYLAC1WNDNX,cmkg8vzuf0000at5m0dyaydie,11000.00,0.00,1100.00,0.00,12100.00,12100.00,postpaid,pending,cancelled,order_cancelled,f,,,,,2026-02-23 03:00:43.27,2026-02-23 03:00:43.27,2026-02-25 04:07:43.829,f,,,,,
cmluslri1003obog7b1qu1ln0,260220-019,MLUSLRI09T34,cmlc48lcw00017cvnisoyrvqk,21800.00,5500.00,2180.00,38500.00,29480.00,0.00,postpaid,pending,pending_receipt,receipt_pending,f,,,,,2026-02-20 11:14:29.113,2026-02-20 11:14:29.113,2026-02-20 12:45:37.653,f,,,,,
cmluslrit004abog73p01hw8p,260220-020,MLUSLRIS7KT1,cmlc48lcw00017cvnisoyrvqk,20400.00,5500.00,2040.00,38500.00,27940.00,0.00,postpaid,pending,pending_receipt,receipt_pending,f,,,,,2026-02-20 11:14:29.142,2026-02-20 11:14:29.142,2026-02-20 12:45:37.657,f,,,,,
cmlut7dkj000rcxxr7foxdlaa,260220-022,MLUT7DKHEUA8,cmlc48lcw00017cvnisoyrvqk,27500.00,5500.00,2750.00,38500.00,35750.00,0.00,postpaid,pending,pending_receipt,receipt_pending,f,,,,,2026-02-20 11:31:17.491,2026-02-20 11:31:17.491,2026-02-20 12:45:37.661,f,,,,,
cmluv2o0d001vip48pgt6620h,260220-024,MLUV2O0APMIN,cmlc48lcw00017cvnisoyrvqk,32500.00,5500.00,3250.00,33000.00,41250.00,8250.00,postpaid,pending,pending_receipt,receipt_pending,f,,,,,2026-02-20 12:23:36.973,2026-02-20 12:23:36.973,2026-02-20 12:45:37.664,f,,,,,
cmluvkjlc007wip487xorjf8y,260220-027,MLUVKJL9UVVR,cmlc48lcw00017cvnisoyrvqk,28000.00,5500.00,2800.00,-93500.00,36300.00,129800.00,postpaid,pending,cancelled,order_cancelled,f,,,,,2026-02-20 12:37:31.056,2026-02-20 12:37:31.056,2026-02-25 04:07:43.83,f,,,,,
cmlur5t4u0037n04ho0hjlx67,260220-014,MLUR5T4RDZS8,cmlc48lcw00017cvnisoyrvqk,24600.00,5500.00,2460.00,38500.00,32560.00,0.00,postpaid,pending,pending_receipt,receipt_pending,f,,,,,2026-02-20 10:34:05.118,2026-02-20 10:34:05.118,2026-02-20 12:45:37.614,t,,,,,
cmluvcosu005jip481b657pez,260220-026,MLUVCOSRMYZ7,cmlc48lcw00017cvnisoyrvqk,40000.00,5500.00,4000.00,22000.00,49500.00,27500.00,postpaid,pending,pending_receipt,receipt_pending,f,,,,,2026-02-20 12:31:24.558,2026-02-20 12:31:24.558,2026-02-20 12:45:37.618,f,,,,,
cmluo5zi7003jlhkvawsvz9cn,260220-010,MLUO5ZI48UBY,cmlc48lcw00017cvnisoyrvqk,44500.00,5500.00,4450.00,38500.00,54450.00,15950.00,postpaid,pending,pending_receipt,receipt_pending,f,,,,,2026-02-20 09:10:14.527,2026-02-20 09:10:14.527,2026-02-20 12:45:37.621,t,,,,,
cmlut7diu0004cxxrb9x3jpus,260220-021,MLUT7DIS1FIG,cmlc48lcw00017cvnisoyrvqk,27500.00,5500.00,2750.00,38500.00,35750.00,0.00,postpaid,pending,pending_receipt,receipt_pending,f,,,,,2026-02-20 11:31:17.43,2026-02-20 11:31:17.43,2026-02-20 12:45:37.632,f,,,,,
cmluo3kr8002hlhkvndbtt54t,260220-009,MLUO3KR67VBP,cmlc48lcw00017cvnisoyrvqk,44500.00,5500.00,4450.00,38500.00,54450.00,15950.00,postpaid,pending,pending_receipt,receipt_pending,f,,,,,2026-02-20 09:08:22.1,2026-02-20 09:08:22.1,2026-02-20 12:45:37.639,f,,,,,
cmluv7pon003oip48kcctzfvq,260220-025,MLUV7POJOCXE,cmlc48lcw00017cvnisoyrvqk,32500.00,5500.00,3250.00,27500.00,41250.00,13750.00,postpaid,pending,pending_receipt,receipt_pending,f,,,,,2026-02-20 12:27:32.423,2026-02-20 12:27:32.423,2026-02-20 12:45:37.667,t,,,,,
cmluum7kj0004ip48nx841wfc,260220-023,MLUUM7KGOHJP,cmlc48lcw00017cvnisoyrvqk,32500.00,5500.00,3250.00,38500.00,41250.00,2750.00,postpaid,pending,pending_receipt,receipt_pending,f,,,,,2026-02-20 12:10:49.171,2026-02-20 12:10:49.171,2026-02-20 12:45:37.671,f,,,,,
cmluwzzvd0005es3robpeuma6,260220-030,MLUWZZVA39ZV,cmlc48lcw00017cvnisoyrvqk,34400.00,0.00,3440.00,110000.00,37840.00,-72160.00,postpaid,pending,pending_receipt,receipt_pending,f,,,,,2026-02-20 13:17:31.609,2026-02-20 13:17:31.609,2026-02-20 13:17:31.609,f,,,,,
cmlux3cpx0016es3r84zvkhyk,260220-031,MLUX3CPU72OL,cmlc48lcw00017cvnisoyrvqk,19000.00,0.00,1900.00,110000.00,20900.00,-89100.00,postpaid,pending,pending_receipt,receipt_pending,f,,,,,2026-02-20 13:20:08.229,2026-02-20 13:20:08.229,2026-02-20 13:20:08.229,f,,,,,
cmluy77wi00029dgn4jvw2jzw,260220-032,MLUY77WGCT2N,cmlc48lcw00017cvnisoyrvqk,24600.00,0.00,2460.00,0.00,27060.00,27060.00,postpaid,pending,pending_receipt,receipt_pending,f,,,,,2026-02-20 13:51:08.226,2026-02-20 13:51:08.226,2026-02-20 13:51:08.226,f,,,,,
cmlysbqmh0002101ehkcl1grj,260223-005,MLYSBQMFPWIP,cmlc48lcw00017cvnisoyrvqk,11000.00,5500.00,1100.00,0.00,17600.00,17600.00,postpaid,pending,pending_receipt,receipt_pending,f,,,,,2026-02-23 06:17:46.122,2026-02-23 06:17:46.122,2026-02-23 06:17:46.122,f,,,,,
cmluvuywm00bsip48g76b4669,260220-029,MLUVUYWJN6JG,cmlc48lcw00017cvnisoyrvqk,24600.00,5500.00,2460.00,5500.00,32560.00,27060.00,postpaid,pending,cancelled,order_cancelled,f,,,,,2026-02-20 12:45:37.463,2026-02-20 12:45:37.463,2026-02-25 04:07:43.831,f,,,,,
cmlykr5o8002olpoamcsqpoty,260223-001,MLYKR5O55X0N,cmkg8vzuf0000at5m0dyaydie,32500.00,5500.00,3250.00,0.00,41250.00,41250.00,postpaid,pending,pending_receipt,receipt_pending,f,,,,,2026-02-23 02:45:48.536,2026-02-23 02:45:48.536,2026-02-23 02:45:48.536,t,,,,,
cmlylaba5003hlpoawr1jo9q2,260223-002,MLYLABA2GCER,cmkg8vzuf0000at5m0dyaydie,11000.00,0.00,1100.00,0.00,12100.00,12100.00,postpaid,pending,pending_receipt,receipt_pending,f,,,,,2026-02-23 03:00:42.269,2026-02-23 03:00:42.269,2026-02-23 03:00:42.269,f,,,,,
cmlylabpm0047lpoa5pkewr4s,260223-003,MLYLABPKLZQU,cmkg8vzuf0000at5m0dyaydie,11000.00,0.00,1100.00,0.00,12100.00,12100.00,postpaid,pending,pending_receipt,receipt_pending,f,,,,,2026-02-23 03:00:42.827,2026-02-23 03:00:42.827,2026-02-23 03:00:42.827,f,,,,,
cmluqbz5t000zn04he5f3j1fo,260220-012,MLUQBZ5R8SUS,cmlc48lcw00017cvnisoyrvqk,42000.00,5500.00,4200.00,38500.00,51700.00,13200.00,postpaid,pending,pending_receipt,receipt_pending,f,,,,,2026-02-20 10:10:53.249,2026-02-20 10:10:53.249,2026-02-20 12:45:37.646,t,,,,,
cmluvqpxk009sip483h55ol1x,260220-028,MLUVQPXH1HV6,cmlc48lcw00017cvnisoyrvqk,26000.00,5500.00,2600.00,-104500.00,34100.00,138600.00,postpaid,pending,cancelled,order_cancelled,f,,,,,2026-02-20 12:42:19.208,2026-02-20 12:42:19.208,2026-02-25 04:07:43.831,f,,,,,
cmluslrh90036bog7690q90tf,260220-018,MLUSLRH8U6DG,cmlc48lcw00017cvnisoyrvqk,20400.00,5500.00,2040.00,38500.00,27940.00,0.00,postpaid,pending,pending_receipt,receipt_pending,f,,,,,2026-02-20 11:14:29.086,2026-02-20 11:14:29.086,2026-02-20 12:45:37.65,f,,,,,
cmlysbr12000m101e45y8q2u5,260223-006,MLYSBR10MLPJ,cmlc48lcw00017cvnisoyrvqk,11000.00,0.00,1100.00,0.00,12100.00,12100.00,postpaid,pending,pending_receipt,receipt_pending,f,,,,,2026-02-23 06:17:46.646,2026-02-23 06:17:46.646,2026-02-23 06:17:46.646,f,,,,,
cmlysbre4001c101eoufml1tx,260223-007,MLYSBRE1CIZT,cmlc48lcw00017cvnisoyrvqk,11000.00,0.00,1100.00,0.00,12100.00,12100.00,postpaid,pending,pending_receipt,receipt_pending,f,,,,,2026-02-23 06:17:47.116,2026-02-23 06:17:47.116,2026-02-23 06:17:47.116,f,,,,,
cmlysbrr90022101eypws9rtp,260223-008,MLYSBRR7T2YY,cmlc48lcw00017cvnisoyrvqk,11000.00,0.00,1100.00,0.00,12100.00,12100.00,postpaid,pending,pending_receipt,receipt_pending,f,,,,,2026-02-23 06:17:47.59,2026-02-23 06:17:47.59,2026-02-23 06:17:47.59,f,,,,,
cmlysbs3j002s101epure3lpo,260223-009,MLYSBS3H9WEQ,cmlc48lcw00017cvnisoyrvqk,11000.00,0.00,1100.00,0.00,12100.00,12100.00,postpaid,pending,pending_receipt,receipt_pending,f,,,,,2026-02-23 06:17:48.031,2026-02-23 06:17:48.031,2026-02-23 06:17:48.031,f,,,,,
cmlkdvct40001xibg6m0xy7uv,260213-001,MLKDVCSKKUBB,cmlc48lcw00017cvnisoyrvqk,17000.00,5500.00,1700.00,0.00,24200.00,24200.00,postpaid,pending,receipt_completed,reception_complete,f,,,,,2026-02-13 04:24:20.63,2026-02-13 04:24:20.63,2026-02-25 04:07:43.832,f,,,,,
cmm1jp3hh0002taekvlqk9jsp,260225-003,MM1JP3HDCZYQ,cmlc48lcw00017cvnisoyrvqk,11000.00,0.00,1100.00,11000.00,12100.00,1100.00,postpaid,pending,pending_receipt,receipt_pending,f,,,,,2026-02-25 04:39:31.301,2026-02-25 04:39:31.301,2026-02-25 04:39:31.301,t,,,,,
cmlyskoxt003k101e8zt2ev09,260223-010,MLYSKOXQJBW2,cmlc48lcw00017cvnisoyrvqk,11000.00,0.00,1100.00,5500.00,12100.00,6600.00,postpaid,pending,pending_receipt,receipt_pending,f,,,,,2026-02-23 06:24:43.842,2026-02-23 06:24:43.842,2026-02-23 06:24:43.842,f,,,,,
cmlyskpjd0044101eoprrzsc3,260223-011,MLYSKPJBIMWG,cmlc48lcw00017cvnisoyrvqk,11000.00,0.00,1100.00,0.00,12100.00,12100.00,postpaid,pending,pending_receipt,receipt_pending,f,,,,,2026-02-23 06:24:44.617,2026-02-23 06:24:44.617,2026-02-23 06:24:44.617,f,,,,,
cmlyskpzo004u101er9quo9hq,260223-012,MLYSKPZNIPUL,cmlc48lcw00017cvnisoyrvqk,11000.00,0.00,1100.00,0.00,12100.00,12100.00,postpaid,pending,pending_receipt,receipt_pending,f,,,,,2026-02-23 06:24:45.205,2026-02-23 06:24:45.205,2026-02-23 06:24:45.205,f,,,,,
cmlyskqee005k101e6gisw4r1,260223-013,MLYSKQECMIJN,cmlc48lcw00017cvnisoyrvqk,11000.00,0.00,1100.00,0.00,12100.00,12100.00,postpaid,pending,pending_receipt,receipt_pending,f,,,,,2026-02-23 06:24:45.734,2026-02-23 06:24:45.734,2026-02-23 06:24:45.734,f,,,,,
cmlyskqyu006a101ewe2daypd,260223-014,MLYSKQYS5EZC,cmlc48lcw00017cvnisoyrvqk,11000.00,0.00,1100.00,0.00,12100.00,12100.00,postpaid,pending,pending_receipt,receipt_pending,f,,,,,2026-02-23 06:24:46.47,2026-02-23 06:24:46.47,2026-02-23 06:24:46.47,f,,,,,
cmlzw04q20003oaxd8bmpminr,260224-001,MLZW04PYCO9N,cmlc48lcw00017cvnisoyrvqk,21800.00,5500.00,2180.00,0.00,29480.00,29480.00,postpaid,pending,pending_receipt,receipt_pending,f,,,,,2026-02-24 00:48:29.162,2026-02-24 00:48:29.162,2026-02-24 00:48:29.162,t,,,,,
cmmzv3k72007j72mkwvd76gso,260321-007,MMZV3K6ZKHLE,cmlc48lcw00017cvnisoyrvqk,82400.00,5500.00,0.00,0.00,82400.00,87900.00,postpaid,pending,pending_receipt,receipt_pending,f,,,,,2026-03-21 05:02:51.902,2026-03-21 05:02:51.902,2026-03-27 10:59:28.457,f,,,,,
cmn8t0kiq0026cc2h40oe0j4i,260327-002,MN8T0KINKJ9G,cmmagsozx0002tjo9f0wsln3v,99000.00,0.00,0.00,0.00,99000.00,99000.00,postpaid,pending,pending_receipt,receipt_pending,f,,,,,2026-03-27 11:14:28.706,2026-03-27 11:14:28.706,2026-03-27 11:14:28.706,f,,,,,
cmn8t0kjv003ecc2hf9opq8am,260327-003,MN8T0KJT1279,cmmagsozx0002tjo9f0wsln3v,118250.00,0.00,0.00,0.00,118250.00,118250.00,postpaid,pending,pending_receipt,receipt_pending,f,,,,,2026-03-27 11:14:28.748,2026-03-27 11:14:28.748,2026-03-27 11:14:28.748,f,,,,,
cmlzw4iuh002aoaxdf531n9jd,260224-004,MLZW4IUDDJ0S,cmlc48lcw00017cvnisoyrvqk,47000.00,0.00,4700.00,0.00,51700.00,51700.00,postpaid,pending,pending_receipt,receipt_pending,f,,,,,2026-02-24 00:51:54.089,2026-02-24 00:51:54.089,2026-02-24 00:52:26.258,f,,,,,
cmlzwljar007poaxdu2x234he,260224-005,MLZWLJANDS4Z,cmlc48lcw00017cvnisoyrvqk,12600.00,0.00,1260.00,5500.00,13860.00,8360.00,postpaid,pending,pending_receipt,receipt_pending,f,,,,,2026-02-24 01:05:07.827,2026-02-24 01:05:07.827,2026-02-24 01:05:07.827,t,,,,,
cmlzwljzm008foaxdyt9t072i,260224-006,MLZWLJZI4DYD,cmlc48lcw00017cvnisoyrvqk,53500.00,0.00,5350.00,0.00,58850.00,58850.00,postpaid,pending,pending_receipt,receipt_pending,f,,,,,2026-02-24 01:05:08.722,2026-02-24 01:05:08.722,2026-02-24 01:05:08.722,t,,,,,
cmm08sged000711uecobrw7mk,260224-007,MM08SGEA56X0,cmlc48lcw00017cvnisoyrvqk,12000.00,0.00,1200.00,0.00,13200.00,13200.00,postpaid,pending,pending_receipt,receipt_pending,f,,,,,2026-02-24 06:46:26.052,2026-02-24 06:46:26.052,2026-02-24 06:46:26.052,f,,,,,
cmm08sgp9000t11ue0twnxh7t,260224-008,MM08SGP7GWBR,cmlc48lcw00017cvnisoyrvqk,47000.00,0.00,4700.00,0.00,51700.00,51700.00,postpaid,pending,pending_receipt,receipt_pending,f,,,,,2026-02-24 06:46:26.445,2026-02-24 06:46:26.445,2026-02-24 06:46:26.445,f,,,,,
cmleoalxg000114an8m9i925d,260209-024,MLEOALXF25ME,cml5w4ssp0001v7vnm48qzlwz,42500.00,0.00,4250.00,0.00,46750.00,46750.00,postpaid,pending,pending_receipt,receipt_pending,f,,,,,2026-02-09 04:29:31.396,2026-02-09 04:29:31.396,2026-02-24 08:06:42.903,f,,,,,
cmlzw05bx000poaxd64yceqe1,260224-002,MLZW05BU50WT,cmlc48lcw00017cvnisoyrvqk,20400.00,0.00,2040.00,0.00,22440.00,22440.00,postpaid,pending,cancelled,order_cancelled,f,,,,,2026-02-24 00:48:29.949,2026-02-24 00:48:29.949,2026-02-25 04:07:43.833,t,,,,,
cmlzw05r7001goaxdsokzglw2,260224-003,MLZW05R498MC,cmlc48lcw00017cvnisoyrvqk,21800.00,0.00,2180.00,0.00,23980.00,23980.00,postpaid,pending,cancelled,order_cancelled,f,,,,,2026-02-24 00:48:30.499,2026-02-24 00:48:30.499,2026-02-25 04:07:43.834,t,,,,,
cmlke13aq000nxibgpmig7b9g,260213-002,MLKE13ADWYOM,cmlc48lcw00017cvnisoyrvqk,21200.00,5500.00,2120.00,0.00,28820.00,28820.00,postpaid,pending,receipt_completed,reception_complete,f,,,,,2026-02-13 04:28:48.242,2026-02-13 04:28:48.242,2026-02-25 04:07:43.835,f,,,,,
cmm1fuwux0006ci5iz6zrqs90,260225-001,MM1FUWUTIX8D,cmlc48lcw00017cvnisoyrvqk,49000.00,5500.00,4900.00,0.00,59400.00,59400.00,postpaid,pending,ready_for_shipping,shipping_waiting,f,,,,,2026-02-25 02:52:04.185,2026-02-25 02:52:04.185,2026-02-25 04:07:43.835,f,,,,,
cmm0bzxtj002p7egs3hh0hgtu,260224-012,MM0BZXTGMUID,cml5w4ssp0001v7vnm48qzlwz,23200.00,5500.00,2320.00,0.00,31020.00,31020.00,postpaid,pending,ready_for_shipping,shipping_waiting,f,,,,,2026-02-24 08:16:14.071,2026-02-24 08:16:14.071,2026-02-25 04:07:43.833,f,,,,,
cmm1jp3ni000dtaekzxxz9ytl,260225-004,MM1JP3NG2CAS,cmlc48lcw00017cvnisoyrvqk,11000.00,0.00,1100.00,0.00,12100.00,12100.00,postpaid,pending,pending_receipt,receipt_pending,f,,,,,2026-02-25 04:39:31.518,2026-02-25 04:39:31.518,2026-02-25 04:39:31.518,t,,,,,
cmm1jp4420020taekmgh1pquo,260225-007,MM1JP43ZWZY0,cmlc48lcw00017cvnisoyrvqk,11000.00,0.00,1100.00,0.00,12100.00,12100.00,postpaid,pending,ready_for_shipping,receipt_pending,f,,,,,2026-02-25 04:39:32.114,2026-02-25 04:39:32.114,2026-02-25 04:41:46.449,t,,,,,
cmm1jp403001htaekc1h1d5wr,260225-006,MM1JP401YLLH,cmlc48lcw00017cvnisoyrvqk,11000.00,0.00,1100.00,0.00,12100.00,12100.00,postpaid,pending,ready_for_shipping,receipt_pending,f,,,,,2026-02-25 04:39:31.972,2026-02-25 04:39:31.972,2026-02-25 04:41:46.451,t,,,,,
cmm2rjatd0023o9yx0xqlj438,260226-003,MM2RJATAHT8D,cmlc48lcw00017cvnisoyrvqk,13750.00,0.00,1375.00,0.00,15125.00,15125.00,card,pending,ready_for_shipping,receipt_pending,f,,,,,2026-02-26 01:06:43.969,2026-02-26 01:06:43.969,2026-02-26 01:09:17.527,f,,,,,
cmm2rf0zw0008o9yxmdabbbqv,260226-001,MM2RF0ZR57WW,cmlc48lcw00017cvnisoyrvqk,27500.00,5500.00,2750.00,0.00,35750.00,35750.00,card,pending,receipt_completed,receipt_pending,f,,,,,2026-02-26 01:03:24.62,2026-02-26 01:03:24.62,2026-02-26 06:18:08.309,t,,,,,
cmm37ycye000283kyhjrr72h6,260226-005,MM37YCYCNHTL,cmlc48lcw00017cvnisoyrvqk,23200.00,5500.00,2320.00,0.00,31020.00,31020.00,postpaid,pending,pending_receipt,receipt_pending,f,,,,,2026-02-26 08:46:20.438,2026-02-26 08:46:20.438,2026-02-26 08:46:20.438,t,,,,,
cmm1jp47y002jtaek3dsxvao7,260225-008,MM1JP47WFJLL,cmlc48lcw00017cvnisoyrvqk,11000.00,5500.00,1100.00,0.00,12100.00,17600.00,postpaid,pending,shipped,delivered,f,,,,,2026-02-25 04:39:32.254,2026-02-25 04:39:32.254,2026-02-27 05:00:00.922,t,,,,,
cmmaifqhw003vtjo9tsud1pam,260303-001,MMAIFQHTON3J,cmmagsozx0002tjo9f0wsln3v,21800.00,0.00,2180.00,0.00,23980.00,23980.00,postpaid,pending,ready_for_shipping,receipt_pending,f,,,,,2026-03-03 11:14:10.532,2026-03-03 11:14:10.532,2026-03-13 04:37:54.534,f,,,,,
cmmzrcn03004neti6wn6izlm0,260321-001,MMZRCMZWSU70,cmlc48lcw00017cvnisoyrvqk,76200.00,5500.00,0.00,0.00,81700.00,81700.00,postpaid,pending,pending_receipt,receipt_pending,f,,,,,2026-03-21 03:17:56.979,2026-03-21 03:17:56.979,2026-03-21 03:17:56.979,f,,,,,
cmmzugrt4002r72mk38hqkhow,260321-004,MMZUGRT1ZSJI,cmkg8vzuf0000at5m0dyaydie,76600.00,0.00,0.00,0.00,76600.00,76600.00,card,pending,pending_receipt,receipt_pending,f,,,,,2026-03-21 04:45:08.68,2026-03-21 04:45:08.68,2026-03-21 04:45:08.68,f,,,,,
cmmzugsi1003n72mk9knz9fvh,260321-005,MMZUGSHZYZ3D,cmkg8vzuf0000at5m0dyaydie,61800.00,0.00,0.00,0.00,61800.00,61800.00,card,pending,pending_receipt,receipt_pending,f,,,,,2026-03-21 04:45:09.577,2026-03-21 04:45:09.577,2026-03-21 04:45:09.577,f,,,,,
cmmzty9cc001d72mkuzhiqnwv,260321-003,MMZTY9C97NDA,cmkg8vzuf0000at5m0dyaydie,71000.00,0.00,0.00,0.00,71000.00,71000.00,postpaid,pending,pending_receipt,receipt_pending,f,,,,,2026-03-21 04:30:44.94,2026-03-21 04:30:44.94,2026-03-21 04:30:44.94,f,,,,,
cmmzv3j7l006k72mkxx6zq7jz,260321-006,MMZV3J7HZS2N,cmlc48lcw00017cvnisoyrvqk,67800.00,0.00,0.00,5500.00,67800.00,62300.00,postpaid,pending,pending_receipt,receipt_pending,f,,,,,2026-03-21 05:02:50.625,2026-03-21 05:02:50.625,2026-03-21 05:02:50.625,f,,,,,
cmn40fdnz000k129l1m274qad,260324-001,MN40FDNVH5AK,cmkg8vzuf0000at5m0dyaydie,63400.00,5500.00,0.00,0.00,68900.00,68900.00,mobile,pending,ready_for_shipping,receipt_pending,f,,,,,2026-03-24 02:43:06.095,2026-03-24 02:43:06.095,2026-03-24 02:44:12.425,f,,,,,
cmncpzk9k000offcv1xndf9ue,260330-001,MNCPZK9FNUDG,cmmagsozx0002tjo9f0wsln3v,47000.00,0.00,0.00,0.00,47000.00,47000.00,postpaid,pending,pending_receipt,receipt_pending,f,,,,,2026-03-30 05:00:47.576,2026-03-30 05:00:47.576,2026-03-30 05:00:47.576,f,,,,,
cmncpzkqg001effcvr1h81dyr,260330-002,MNCPZKQDGWVL,cmmagsozx0002tjo9f0wsln3v,47000.00,0.00,0.00,0.00,47000.00,47000.00,postpaid,pending,pending_receipt,receipt_pending,f,,,,,2026-03-30 05:00:48.184,2026-03-30 05:00:48.184,2026-03-30 05:00:48.184,f,,,,,
cmncpzks10023ffcv1y595aq0,260330-003,MNCPZKRYMNJ7,cmmagsozx0002tjo9f0wsln3v,47000.00,0.00,0.00,0.00,47000.00,47000.00,postpaid,pending,pending_receipt,receipt_pending,f,,,,,2026-03-30 05:00:48.241,2026-03-30 05:00:48.241,2026-03-30 05:00:48.241,f,,,,,
cmncpzktm002tffcv83shfe3b,260330-004,MNCPZKTJRK36,cmmagsozx0002tjo9f0wsln3v,68900.00,0.00,0.00,0.00,68900.00,68900.00,postpaid,pending,pending_receipt,receipt_pending,f,,,,,2026-03-30 05:00:48.298,2026-03-30 05:00:48.298,2026-03-30 05:00:48.298,f,,,,,
cmn4kbo0p000r3wh4b96syxoc,260324-005,MN4KBO0MK90N,cmmagsozx0002tjo9f0wsln3v,51200.00,5500.00,0.00,0.00,56700.00,56700.00,mobile,pending,ready_for_shipping,receipt_pending,f,,,,,2026-03-24 12:00:05.21,2026-03-24 12:00:05.21,2026-03-24 12:06:01.888,f,,,,,
cmne8iffb0063v9yjtaya5nkp,260331-001,MNE8IFF9GH9B,cmmagsozx0002tjo9f0wsln3v,47000.00,0.00,0.00,0.00,47000.00,47000.00,postpaid,pending,pending_receipt,receipt_pending,f,,,,,2026-03-31 06:27:07.032,2026-03-31 06:27:07.032,2026-03-31 06:27:07.032,t,,,,,
cmne8ig1u006sv9yjct0nuwcq,260331-002,MNE8IG1S7KV6,cmmagsozx0002tjo9f0wsln3v,47000.00,0.00,0.00,0.00,47000.00,47000.00,postpaid,pending,pending_receipt,receipt_pending,f,,,,,2026-03-31 06:27:07.843,2026-03-31 06:27:07.843,2026-03-31 06:27:07.843,t,,,,,
cmne8ig2v007iv9yjnd5fsrnd,260331-003,MNE8IG2TCLUN,cmmagsozx0002tjo9f0wsln3v,86100.00,0.00,0.00,0.00,86100.00,86100.00,postpaid,pending,pending_receipt,receipt_pending,f,,,,,2026-03-31 06:27:07.879,2026-03-31 06:27:07.879,2026-03-31 06:27:07.879,t,,,,,
cmne8ig3w008jv9yj1j2o1i7a,260331-004,MNE8IG3TFGGS,cmmagsozx0002tjo9f0wsln3v,102500.00,0.00,0.00,0.00,102500.00,102500.00,postpaid,pending,pending_receipt,receipt_pending,f,,,,,2026-03-31 06:27:07.916,2026-03-31 06:27:07.916,2026-03-31 06:27:07.916,t,,,,,
cmnfaxnl1000bbe21nol906dj,260401-001,MNFAXNKXQQG3,cmmagsozx0002tjo9f0wsln3v,121750.00,0.00,0.00,0.00,121750.00,121750.00,postpaid,pending,pending_receipt,receipt_pending,f,,,,,2026-04-01 00:22:42.853,2026-04-01 00:22:42.853,2026-04-01 00:22:42.853,f,,,,,
cmnfaxnyb001pbe21mxthvqog,260401-002,MNFAXNY9OSGJ,cmmagsozx0002tjo9f0wsln3v,59000.00,0.00,0.00,0.00,59000.00,59000.00,postpaid,pending,pending_receipt,receipt_pending,f,,,,,2026-04-01 00:22:43.332,2026-04-01 00:22:43.332,2026-04-01 00:22:43.332,f,,,,,
cmnfaxnzu002kbe21gvcsijie,260401-003,MNFAXNZRR8W8,cmmagsozx0002tjo9f0wsln3v,66000.00,0.00,0.00,0.00,66000.00,66000.00,postpaid,pending,pending_receipt,receipt_pending,f,,,,,2026-04-01 00:22:43.386,2026-04-01 00:22:43.386,2026-04-01 00:22:43.386,f,,,,,
cmnffuwts003id0ymw02ks6x8,260401-004,MNFFUWTO1FVP,cmmagsozx0002tjo9f0wsln3v,52000.00,0.00,0.00,0.00,52000.00,52000.00,postpaid,pending,pending_receipt,receipt_pending,f,,,,,2026-04-01 02:40:32.944,2026-04-01 02:40:32.944,2026-04-01 02:40:32.944,f,,,,,
cmnffux5t0048d0ym2ef5zq1q,260401-005,MNFFUX5QA66S,cmmagsozx0002tjo9f0wsln3v,43800.00,0.00,0.00,0.00,43800.00,43800.00,postpaid,pending,pending_receipt,receipt_pending,f,,,,,2026-04-01 02:40:33.377,2026-04-01 02:40:33.377,2026-04-01 02:40:33.377,f,,,,,
cmnffux79004wd0ym5jciypj6,260401-006,MNFFUX76WBEC,cmmagsozx0002tjo9f0wsln3v,80700.00,0.00,0.00,0.00,80700.00,80700.00,postpaid,pending,pending_receipt,receipt_pending,f,,,,,2026-04-01 02:40:33.429,2026-04-01 02:40:33.429,2026-04-01 02:40:33.429,f,,,,,
cmnffux8o005td0yma8geb6by,260401-007,MNFFUX8MV8X8,cmmagsozx0002tjo9f0wsln3v,68400.00,0.00,0.00,0.00,68400.00,68400.00,postpaid,pending,pending_receipt,receipt_pending,f,,,,,2026-04-01 02:40:33.481,2026-04-01 02:40:33.481,2026-04-01 02:40:33.481,f,,,,,
cmnffuxa6006nd0ym4qr03de3,260401-008,MNFFUXA3NF9K,cmmagsozx0002tjo9f0wsln3v,80700.00,0.00,0.00,0.00,80700.00,80700.00,postpaid,pending,pending_receipt,receipt_pending,f,,,,,2026-04-01 02:40:33.534,2026-04-01 02:40:33.534,2026-04-01 02:40:33.534,f,,,,,
cmnfgbb37007zd0ymebmx3abg,260401-009,MNFGBB338C29,cmmagsozx0002tjo9f0wsln3v,56100.00,0.00,0.00,0.00,56100.00,56100.00,postpaid,pending,pending_receipt,receipt_pending,f,,,,,2026-04-01 02:53:17.923,2026-04-01 02:53:17.923,2026-04-01 02:53:17.923,f,,,,,
cmnfgfmqn0092d0ymjqn373p8,260401-010,MNFGFMQKVT3U,cmmagsozx0002tjo9f0wsln3v,64300.00,5500.00,0.00,0.00,69800.00,69800.00,card,pending,pending_receipt,receipt_pending,f,,,,,2026-04-01 02:56:39.647,2026-04-01 02:56:39.647,2026-04-01 02:56:39.647,f,,,,,
cmnfimvhc00apd0ym84q71n82,260401-011,MNFIMVH9ZJL1,cmmagsozx0002tjo9f0wsln3v,56100.00,0.00,0.00,0.00,56100.00,56100.00,card,pending,pending_receipt,receipt_pending,f,,,,,2026-04-01 03:58:16.801,2026-04-01 03:58:16.801,2026-04-01 03:58:16.801,f,,,,,
cmnft0j3j00dqd0ymii1oqwcq,260401-012,MNFT0J3GDAOE,cmmagsozx0002tjo9f0wsln3v,56100.00,0.00,0.00,0.00,56100.00,56100.00,postpaid,pending,pending_receipt,receipt_pending,f,,,,,2026-04-01 08:48:50.096,2026-04-01 08:48:50.096,2026-04-01 08:48:50.096,t,,,,,
cmnft0jhx00ehd0ymen9b0seb,260401-013,MNFT0JHVFUQF,cmmagsozx0002tjo9f0wsln3v,75500.00,0.00,0.00,0.00,75500.00,75500.00,postpaid,pending,pending_receipt,receipt_pending,f,,,,,2026-04-01 08:48:50.613,2026-04-01 08:48:50.613,2026-04-01 08:48:50.613,t,,,,,
cmngs30m1000611nirq45g8sl,260402-001,MNGS30LZ3B9J,cmmagsozx0002tjo9f0wsln3v,93000.00,0.00,0.00,0.00,93000.00,93000.00,postpaid,pending,pending_receipt,receipt_pending,f,,,,,2026-04-02 01:10:32.666,2026-04-02 01:10:32.666,2026-04-02 01:10:32.666,f,,,,,
cmngs310d001611nijmn7udh3,260402-002,MNGS310A10SA,cmmagsozx0002tjo9f0wsln3v,14300.00,0.00,0.00,0.00,14300.00,14300.00,postpaid,pending,pending_receipt,receipt_pending,f,,,,,2026-04-02 01:10:33.181,2026-04-02 01:10:33.181,2026-04-02 01:10:33.181,f,,,,,
cmngs3128001r11nicfxfud9u,260402-003,MNGS3125GKQJ,cmmagsozx0002tjo9f0wsln3v,75500.00,0.00,0.00,0.00,75500.00,75500.00,postpaid,pending,pending_receipt,receipt_pending,f,,,,,2026-04-02 01:10:33.248,2026-04-02 01:10:33.248,2026-04-02 01:10:33.248,f,,,,,
cmngs3141002m11niygkir34e,260402-004,MNGS313ZC414,cmmagsozx0002tjo9f0wsln3v,54000.00,0.00,0.00,0.00,54000.00,54000.00,postpaid,pending,pending_receipt,receipt_pending,f,,,,,2026-04-02 01:10:33.314,2026-04-02 01:10:33.314,2026-04-02 01:10:33.314,f,,,,,
cmnh6a5hb004m11nipf1v88yh,260402-005,MNH6A5H88RPM,cmmagsozx0002tjo9f0wsln3v,22100.00,0.00,0.00,0.00,22100.00,22100.00,card,pending,pending_receipt,receipt_pending,f,,,,,2026-04-02 07:48:00.191,2026-04-02 07:48:00.191,2026-04-02 07:48:00.191,f,,,,,
cmnh6a5uf005e11nix4ngqm5g,260402-006,MNH6A5UC6UKD,cmmagsozx0002tjo9f0wsln3v,23710.00,0.00,0.00,0.00,23710.00,23710.00,card,pending,pending_receipt,receipt_pending,f,,,,,2026-04-02 07:48:00.663,2026-04-02 07:48:00.663,2026-04-02 07:48:00.663,f,,,,,
cmnh6a5w6006711ni1bih2vh8,260402-007,MNH6A5W4GYQQ,cmmagsozx0002tjo9f0wsln3v,22100.00,0.00,0.00,0.00,22100.00,22100.00,card,pending,pending_receipt,receipt_pending,f,,,,,2026-04-02 07:48:00.726,2026-04-02 07:48:00.726,2026-04-02 07:48:00.726,f,,,,,
cmnh6a5xs006z11ni1xq4dtiy,260402-008,MNH6A5XQSBWS,cmmagsozx0002tjo9f0wsln3v,23710.00,0.00,0.00,0.00,23710.00,23710.00,card,pending,pending_receipt,receipt_pending,f,,,,,2026-04-02 07:48:00.785,2026-04-02 07:48:00.785,2026-04-02 07:48:00.785,f,,,,,
cmnh6a5zg007s11ni4w811szk,260402-009,MNH6A5ZEIZQR,cmmagsozx0002tjo9f0wsln3v,22100.00,0.00,0.00,0.00,22100.00,22100.00,card,pending,pending_receipt,receipt_pending,f,,,,,2026-04-02 07:48:00.844,2026-04-02 07:48:00.844,2026-04-02 07:48:00.844,f,,,,,
cmnh6uqai008v11nizpurlpmf,260402-010,MNH6UQAFPLGP,cmmagsozx0002tjo9f0wsln3v,22600.00,0.00,0.00,0.00,22600.00,22600.00,postpaid,pending,pending_receipt,receipt_pending,f,,,,,2026-04-02 08:04:00.282,2026-04-02 08:04:00.282,2026-04-02 08:04:00.282,t,,,,,
cmnh6uqpu009l11niunbp0t24,260402-011,MNH6UQPSOT5J,cmmagsozx0002tjo9f0wsln3v,22600.00,0.00,0.00,0.00,22600.00,22600.00,postpaid,pending,pending_receipt,receipt_pending,f,,,,,2026-04-02 08:04:00.834,2026-04-02 08:04:00.834,2026-04-02 08:04:00.834,t,,,,,
cmnh6uqre00ab11ni6o4p6fwt,260402-012,MNH6UQRCYIGY,cmmagsozx0002tjo9f0wsln3v,24260.00,0.00,0.00,0.00,24260.00,24260.00,postpaid,pending,pending_receipt,receipt_pending,f,,,,,2026-04-02 08:04:00.891,2026-04-02 08:04:00.891,2026-04-02 08:04:00.891,t,,,,,
cmnh6uqsz00b211nii8ks2t5q,260402-013,MNH6UQSXEJ6G,cmmagsozx0002tjo9f0wsln3v,22600.00,0.00,0.00,0.00,22600.00,22600.00,postpaid,pending,pending_receipt,receipt_pending,f,,,,,2026-04-02 08:04:00.948,2026-04-02 08:04:00.948,2026-04-02 08:04:00.948,t,,,,,
cmnh6uqul00bs11nij175rz3t,260402-014,MNH6UQUJBW7I,cmmagsozx0002tjo9f0wsln3v,22600.00,0.00,0.00,0.00,22600.00,22600.00,postpaid,pending,pending_receipt,receipt_pending,f,,,,,2026-04-02 08:04:01.005,2026-04-02 08:04:01.005,2026-04-02 08:04:01.005,t,,,,,
cmnh7m8li0006q42hhf7ntae7,260402-015,MNH7M8LFU9J9,cmmagsozx0002tjo9f0wsln3v,22600.00,0.00,0.00,0.00,22600.00,22600.00,postpaid,pending,pending_receipt,receipt_pending,f,,,,,2026-04-02 08:25:23.718,2026-04-02 08:25:23.718,2026-04-02 08:25:23.718,t,,,,,
cmnh7m904000wq42h3zuj0v34,260402-016,MNH7M901INIT,cmmagsozx0002tjo9f0wsln3v,22600.00,0.00,0.00,0.00,22600.00,22600.00,postpaid,pending,pending_receipt,receipt_pending,f,,,,,2026-04-02 08:25:24.244,2026-04-02 08:25:24.244,2026-04-02 08:25:24.244,t,,,,,
cmnh7m91u001mq42h2nnemss0,260402-017,MNH7M91RUT5B,cmmagsozx0002tjo9f0wsln3v,24260.00,0.00,0.00,0.00,24260.00,24260.00,postpaid,pending,pending_receipt,receipt_pending,f,,,,,2026-04-02 08:25:24.307,2026-04-02 08:25:24.307,2026-04-02 08:25:24.307,t,,,,,
cmnh7m941002dq42hb4g8gcq3,260402-018,MNH7M93YXRG8,cmmagsozx0002tjo9f0wsln3v,22600.00,0.00,0.00,0.00,22600.00,22600.00,postpaid,pending,pending_receipt,receipt_pending,f,,,,,2026-04-02 08:25:24.385,2026-04-02 08:25:24.385,2026-04-02 08:25:24.385,t,,,,,
cmnh7m95p0033q42h7uk3kow1,260402-019,MNH7M95M5J23,cmmagsozx0002tjo9f0wsln3v,22600.00,0.00,0.00,0.00,22600.00,22600.00,postpaid,pending,pending_receipt,receipt_pending,f,,,,,2026-04-02 08:25:24.445,2026-04-02 08:25:24.445,2026-04-02 08:25:24.445,t,,,,,
cmnh8jkh90007jzoy6x6olmjk,260402-020,MNH8JKH6C7XN,cmmagsozx0002tjo9f0wsln3v,35880.00,0.00,0.00,0.00,35880.00,35880.00,postpaid,pending,pending_receipt,receipt_pending,f,,,,,2026-04-02 08:51:18.765,2026-04-02 08:51:18.765,2026-04-02 08:51:18.765,t,,,,,
cmnh8jkt50015jzoycp1k4am2,260402-021,MNH8JKT2YBVX,cmmagsozx0002tjo9f0wsln3v,22600.00,0.00,0.00,0.00,22600.00,22600.00,postpaid,pending,pending_receipt,receipt_pending,f,,,,,2026-04-02 08:51:19.193,2026-04-02 08:51:19.193,2026-04-02 08:51:19.193,t,,,,,
cmni70rdj000o50xbubryan42,260403-001,MNI70RDGFPPJ,cmmagsozx0002tjo9f0wsln3v,54000.00,0.00,0.00,0.00,54000.00,54000.00,postpaid,pending,pending_receipt,receipt_pending,f,,,,,2026-04-03 00:56:27.799,2026-04-03 00:56:27.799,2026-04-03 00:56:27.799,f,,,,,
cmni713iq001e50xbq98acxrq,260403-002,MNI713IO0QBV,cmmagsozx0002tjo9f0wsln3v,54000.00,0.00,0.00,0.00,54000.00,54000.00,postpaid,pending,pending_receipt,receipt_pending,f,,,,,2026-04-03 00:56:43.538,2026-04-03 00:56:43.538,2026-04-03 00:56:43.538,f,,,,,
cmni71f9i002450xbivnkb83x,260403-003,MNI71F9GW118,cmmagsozx0002tjo9f0wsln3v,54000.00,0.00,0.00,0.00,54000.00,54000.00,postpaid,pending,pending_receipt,receipt_pending,f,,,,,2026-04-03 00:56:58.758,2026-04-03 00:56:58.758,2026-04-03 00:56:58.758,f,,,,,
cmni71za0002y50xb2mnfylf6,260403-004,MNI71Z9XTM68,cmmagsozx0002tjo9f0wsln3v,54000.00,0.00,0.00,0.00,54000.00,54000.00,postpaid,pending,pending_receipt,receipt_pending,f,,,,,2026-04-03 00:57:24.696,2026-04-03 00:57:24.696,2026-04-03 00:57:24.696,f,,,,,
cmni72bcn003o50xbbc5zt1mk,260403-005,MNI72BCL288B,cmmagsozx0002tjo9f0wsln3v,54000.00,0.00,0.00,0.00,54000.00,54000.00,postpaid,pending,pending_receipt,receipt_pending,f,,,,,2026-04-03 00:57:40.344,2026-04-03 00:57:40.344,2026-04-03 00:57:40.344,f,,,,,
cmni72n3z004e50xbyzm21207,260403-006,MNI72N3X2HKO,cmmagsozx0002tjo9f0wsln3v,54000.00,0.00,0.00,0.00,54000.00,54000.00,postpaid,pending,pending_receipt,receipt_pending,f,,,,,2026-04-03 00:57:55.583,2026-04-03 00:57:55.583,2026-04-03 00:57:55.583,f,,,,,
cmni72yuc005450xb8t9nvpvt,260403-007,MNI72YUA1RD2,cmmagsozx0002tjo9f0wsln3v,84100.00,0.00,0.00,0.00,84100.00,84100.00,postpaid,pending,pending_receipt,receipt_pending,f,,,,,2026-04-03 00:58:10.788,2026-04-03 00:58:10.788,2026-04-03 00:58:10.788,f,,,,,
cmni73ake006150xbta45h5pe,260403-008,MNI73AKBZALZ,cmmagsozx0002tjo9f0wsln3v,22600.00,0.00,0.00,0.00,22600.00,22600.00,postpaid,pending,pending_receipt,receipt_pending,f,,,,,2026-04-03 00:58:25.982,2026-04-03 00:58:25.982,2026-04-03 00:58:25.982,f,,,,,
cmnjoja8g000ooej6hdgbct7k,260404-001,MNJOJA8CDVA0,cmmagsozx0002tjo9f0wsln3v,69050.00,0.00,0.00,0.00,69050.00,69050.00,postpaid,pending,pending_receipt,receipt_pending,f,,,,,2026-04-04 01:54:31.696,2026-04-04 01:54:31.696,2026-04-04 01:54:31.696,f,,,,,
cmnjojmct001hoej6p8hijtp4,260404-002,MNJOJMCQOT40,cmmagsozx0002tjo9f0wsln3v,62600.00,0.00,0.00,0.00,62600.00,62600.00,postpaid,pending,pending_receipt,receipt_pending,f,,,,,2026-04-04 01:54:47.405,2026-04-04 01:54:47.405,2026-04-04 01:54:47.405,f,,,,,
cmnjojy3m0028oej6oq2e3tje,260404-003,MNJOJY3JBFJX,cmmagsozx0002tjo9f0wsln3v,35050.00,0.00,0.00,0.00,35050.00,35050.00,postpaid,pending,pending_receipt,receipt_pending,f,,,,,2026-04-04 01:55:02.626,2026-04-04 01:55:02.626,2026-04-04 01:55:02.626,f,,,,,
cmnjp2qk2004boej6n8l89ir2,260404-005,MNJP2QK0OJHZ,cmmagsozx0002tjo9f0wsln3v,60200.00,0.00,0.00,0.00,60200.00,60200.00,postpaid,pending,pending_receipt,receipt_pending,f,,,,,2026-04-04 02:09:39.314,2026-04-04 02:09:39.314,2026-04-04 02:09:39.314,t,,,,,
cmnjp3e2k005moej6g05q7vtb,260404-007,MNJP3E2IBQM6,cmmagsozx0002tjo9f0wsln3v,82750.00,0.00,0.00,0.00,82750.00,82750.00,postpaid,pending,print_waiting,receipt_pending,f,,,,,2026-04-04 02:10:09.788,2026-04-04 02:10:09.788,2026-04-10 06:57:27.524,t,,,,,
cmnjp32bt0052oej6mlsfqfj4,260404-006,MNJP32BR0Z06,cmmagsozx0002tjo9f0wsln3v,31500.00,0.00,0.00,0.00,31500.00,31500.00,postpaid,pending,print_waiting,receipt_pending,f,,,,,2026-04-04 02:09:54.57,2026-04-04 02:09:54.57,2026-04-10 07:46:43.15,t,,,,,
cmnjp2ef2003ioej6qdgv5j6w,260404-004,MNJP2EEYHKCU,cmmagsozx0002tjo9f0wsln3v,66350.00,0.00,0.00,0.00,66350.00,66350.00,postpaid,pending,print_waiting,receipt_pending,f,,,,,2026-04-04 02:09:23.582,2026-04-04 02:09:23.582,2026-04-10 07:59:55.674,t,,,,,
cmo6kw6cr001fnolzfmsi8iah,260420-002,MO6KW6CPFE34,cmmagsozx0002tjo9f0wsln3v,19900.00,0.00,0.00,0.00,19900.00,19900.00,postpaid,pending,print_waiting,receipt_pending,f,,,,,2026-04-20 02:31:16.78,2026-04-20 02:31:16.78,2026-04-20 02:32:41.935,f,,,,,
cmo6kw5xg000vnolzdlkpjclu,260420-001,MO6KW5XBMGN0,cmmagsozx0002tjo9f0wsln3v,19900.00,5500.00,0.00,0.00,25400.00,25400.00,postpaid,pending,print_waiting,receipt_pending,f,,,,,2026-04-20 02:31:16.228,2026-04-20 02:31:16.228,2026-04-20 02:32:41.939,f,,,,,
cmo6nd30d000bgqcd3tst5h18,260420-003,MO6ND307UYHX,cmmagsozx0002tjo9f0wsln3v,87700.00,0.00,0.00,5500.00,87700.00,82200.00,postpaid,pending,print_waiting,receipt_pending,f,,,,,2026-04-20 03:40:24.829,2026-04-20 03:40:24.829,2026-04-20 04:00:29.385,f,,,,,
cmo6o24mu0004rtknhbdqise9,260420-004,MO6O24MSBEWX,cmmagsozx0002tjo9f0wsln3v,71200.00,0.00,0.00,0.00,71200.00,71200.00,postpaid,pending,print_waiting,receipt_pending,f,,,,,2026-04-20 03:59:53.335,2026-04-20 03:59:53.335,2026-04-20 04:00:42.865,f,,,,,
cmo6o6vpj001frtknd5yvvnlq,260420-005,MO6O6VPG7W1J,cmmagsozx0002tjo9f0wsln3v,58300.00,0.00,0.00,0.00,58300.00,58300.00,postpaid,pending,print_waiting,receipt_pending,f,,,,,2026-04-20 04:03:35.047,2026-04-20 04:03:35.047,2026-04-20 04:04:19.211,f,,,,,
cmo6te0hp001pxm9ixbtxykq6,260420-008,MO6TE0HMIPRC,cmmagsozx0002tjo9f0wsln3v,44180.00,0.00,0.00,0.00,44180.00,44180.00,postpaid,pending,print_waiting,receipt_pending,f,,,,,2026-04-20 06:29:05.917,2026-04-20 06:29:05.917,2026-04-20 06:30:53.886,f,,,,,
cmo6tdzyz000wxm9i2p4t4oa8,260420-007,MO6TDZYWSXF0,cmmagsozx0002tjo9f0wsln3v,66900.00,0.00,0.00,0.00,66900.00,66900.00,postpaid,pending,print_waiting,receipt_pending,f,,,,,2026-04-20 06:29:05.244,2026-04-20 06:29:05.244,2026-04-20 06:30:53.89,f,,,,,
cmo6tdzh50004xm9itet2zvsk,260420-006,MO6TDZH2ZV1D,cmmagsozx0002tjo9f0wsln3v,62600.00,0.00,0.00,0.00,62600.00,62600.00,postpaid,pending,print_waiting,receipt_pending,f,,,,,2026-04-20 06:29:04.602,2026-04-20 06:29:04.602,2026-04-20 06:30:53.892,f,,,,,
cmo80oxet000jx6hzrbetcdti,260421-001,MO80OXEMB7T0,cmmagsozx0002tjo9f0wsln3v,53750.00,5500.00,0.00,0.00,59250.00,59250.00,postpaid,pending,print_waiting,receipt_pending,f,,,,,2026-04-21 02:41:18.629,2026-04-21 02:41:18.629,2026-04-21 05:46:38.309,f,,,,,
cmo81izee0019ajuuoljktdlc,260421-003,MO81IZEB6WSZ,cmmagsozx0002tjo9f0wsln3v,53750.00,0.00,0.00,0.00,53750.00,53750.00,transfer,pending,print_waiting,receipt_pending,f,,,,,2026-04-21 03:04:40.886,2026-04-21 03:04:40.886,2026-04-21 03:06:11.693,t,,,,,
cmo81iygn0007ajuutepxoord,260421-002,MO81IYGHSYQ3,cmmagsozx0002tjo9f0wsln3v,57250.00,0.00,0.00,5500.00,57250.00,51750.00,transfer,pending,print_waiting,receipt_pending,f,,,,,2026-04-21 03:04:39.671,2026-04-21 03:04:39.671,2026-04-21 03:06:11.696,t,,,,,
cmo87op1n004leql7oewdqel5,260421-007,MO87OP1J6UGJ,cmmagsozx0002tjo9f0wsln3v,57250.00,0.00,0.00,0.00,57250.00,57250.00,card,pending,print_waiting,receipt_pending,f,,,,,2026-04-21 05:57:05.099,2026-04-21 05:57:05.099,2026-04-21 05:57:38.359,t,,,,,
cmo87kig00031eql7edjg0ff0,260421-006,MO87KIFYI2FC,cmmagsozx0002tjo9f0wsln3v,59950.00,0.00,0.00,0.00,59950.00,59950.00,postpaid,pending,print_waiting,receipt_pending,f,,,,,2026-04-21 05:53:49.92,2026-04-21 05:53:49.92,2026-04-21 05:57:38.362,t,,,,,
cmo87khl4001weql760jfsy4y,260421-005,MO87KHL2GUQF,cmmagsozx0002tjo9f0wsln3v,58100.00,0.00,0.00,0.00,58100.00,58100.00,postpaid,pending,print_waiting,receipt_pending,f,,,,,2026-04-21 05:53:48.808,2026-04-21 05:53:48.808,2026-04-21 05:57:38.364,t,,,,,
cmo87kgp9000seql7mbitu4om,260421-004,MO87KGP76JDT,cmmagsozx0002tjo9f0wsln3v,56250.00,0.00,0.00,0.00,56250.00,56250.00,postpaid,pending,print_waiting,receipt_pending,f,,,,,2026-04-21 05:53:47.662,2026-04-21 05:53:47.662,2026-04-21 05:57:38.366,t,,,,,
cmo8cyv6f0024sa3enx96t2t7,260421-010,MO8CYV6DPI6X,cmmagsozx0002tjo9f0wsln3v,54000.00,0.00,0.00,0.00,54000.00,54000.00,postpaid,pending,print_waiting,receipt_pending,f,,,,,2026-04-21 08:24:57.687,2026-04-21 08:24:57.687,2026-04-21 08:26:10.085,f,,,,,
cmo8cyuf20015sa3eeqb3vmnx,260421-009,MO8CYUEZFIM1,cmmagsozx0002tjo9f0wsln3v,92700.00,0.00,0.00,0.00,92700.00,92700.00,postpaid,pending,print_waiting,receipt_pending,f,,,,,2026-04-21 08:24:56.702,2026-04-21 08:24:56.702,2026-04-21 08:26:10.088,f,,,,,
cmo8cytz3000fsa3eikx6li0a,260421-008,MO8CYTZ1UFVA,cmmagsozx0002tjo9f0wsln3v,54000.00,0.00,0.00,0.00,54000.00,54000.00,postpaid,pending,print_waiting,receipt_pending,f,,,,,2026-04-21 08:24:56.128,2026-04-21 08:24:56.128,2026-04-21 08:26:10.09,f,,,,,
cmo8gcdgo002m129hh4lhidfx,260421-013,MO8GCDGLY343,cmmagsozx0002tjo9f0wsln3v,58100.00,0.00,0.00,0.00,58100.00,58100.00,postpaid,pending,print_waiting,receipt_pending,f,,,,,2026-04-21 09:59:26.76,2026-04-21 09:59:26.76,2026-04-21 09:59:53.012,t,,,,,
cmo8gccjs001i129h33c72gz0,260421-012,MO8GCCJPBREX,cmmagsozx0002tjo9f0wsln3v,56250.00,0.00,0.00,0.00,56250.00,56250.00,postpaid,pending,print_waiting,receipt_pending,f,,,,,2026-04-21 09:59:25.576,2026-04-21 09:59:25.576,2026-04-21 09:59:53.015,t,,,,,
cmo8gcbne000c129h8jwgz2c5,260421-011,MO8GCBNBNI18,cmmagsozx0002tjo9f0wsln3v,59950.00,0.00,0.00,0.00,59950.00,59950.00,postpaid,pending,print_waiting,receipt_pending,f,,,,,2026-04-21 09:59:24.41,2026-04-21 09:59:24.41,2026-04-21 09:59:53.017,t,,,,,
cmo9azvda000d5pcus2l3556w,260422-001,MO9AZVD5A7DQ,cmmagsozx0002tjo9f0wsln3v,32500.00,5500.00,0.00,0.00,38000.00,38000.00,postpaid,pending,print_waiting,receipt_pending,f,,,,,2026-04-22 00:17:31.535,2026-04-22 00:17:31.535,2026-04-22 00:17:59.84,f,,,,,
