id,jobId,orderItemId,orderNumber,studioName,status,pdfPath,fileName,side,colorMode,error,sortOrder,updatedAt
cmo6qt1f50003fi7b0ki3meo3,2171b8ff-322a-437c-8ced-ff00b0a88e40,cmo6o6vpj001grtknbi62gyf6,260420-005,인천달빛스쿠터,completed,Z:\출력팀\Wooceo_출력백업\!2025년\접수대기\260420\기타\양면\260420-005_인천달빛스쿠터_양면_1up.pdf,260420-005_인천달빛스쿠터_양면_1up.pdf,양면,,,0,2026-04-20 05:16:49.231
cmo6rb9xg000212e8efbckhhj,6f33a0a7-62af-4647-bfde-b9b1ba8332a2,cmo6o6vpj001grtknbi62gyf6,260420-005,인천달빛스쿠터,completed,Z:\출력팀\Wooceo_출력백업\!2025년\접수대기\260420\기타\양면\260420-005_인천달빛스쿠터_양면_1up.pdf,260420-005_인천달빛스쿠터_양면_1up.pdf,양면,,,2,2026-04-20 05:31:11.048
cmo6qurit0004fi7bb36eespy,a28a0314-6a38-435a-812e-403941f86e90,cmo6o6vpj001grtknbi62gyf6,260420-005,인천달빛스쿠터,completed,Z:\출력팀\Wooceo_출력백업\!2025년\접수대기\260420\기타\양면\260420-005_인천달빛스쿠터_양면_1up.pdf,260420-005_인천달빛스쿠터_양면_1up.pdf,양면,,,0,2026-04-20 05:18:09.648
cmo6tggj80006101vunxgry1r,a2644e9a-39f6-4524-b470-c5b7f7605ead,cmo6te0hp001qxm9ijs7uzja5,260420-008,인천달빛스쿠터,completed,Z:\출력팀\Wooceo_출력백업\!2025년\접수대기\260420\인디고\4도\양면\260420-008_인천달빛스쿠터_양면_1up.pdf,260420-008_인천달빛스쿠터_양면_1up.pdf,양면,,,0,2026-04-20 06:31:19.652
cmo6qurit0005fi7b3rr34t56,a28a0314-6a38-435a-812e-403941f86e90,cmo6o24mv0005rtknle7x3319,260420-004,인천달빛스쿠터,completed,Z:\출력팀\Wooceo_출력백업\!2025년\접수대기\260420\기타\양면\260420-004_인천달빛스쿠터_양면_1up.pdf,260420-004_인천달빛스쿠터_양면_1up.pdf,양면,,,1,2026-04-20 05:18:12.016
cmo6rb9xg000312e86in021ml,6f33a0a7-62af-4647-bfde-b9b1ba8332a2,cmo6kw6cr001gnolzfc2vc6py,260420-002,인천달빛스쿠터,completed,Z:\출력팀\Wooceo_출력백업\!2025년\접수대기\260420\기타\단면\260420-002_인천달빛스쿠터_단면_압축제본_웨딩_용지별도_1up.pdf,260420-002_인천달빛스쿠터_단면_압축제본_웨딩_용지별도_1up.pdf,단면,,,3,2026-04-20 05:31:12.881
cmo6qurit0006fi7b38949g0h,a28a0314-6a38-435a-812e-403941f86e90,cmo6nd30d000cgqcd1k1wsvsr,260420-003,인천달빛스쿠터,completed,Z:\출력팀\Wooceo_출력백업\!2025년\접수대기\260420\기타\양면\260420-003_인천달빛스쿠터_양면_1up.pdf,260420-003_인천달빛스쿠터_양면_1up.pdf,양면,,,2,2026-04-20 05:18:19.765
cmo6qxnfr0000emjygtm80ss0,bd6d76ac-8eec-4c33-b4d8-c3bf09d10b3d,cmo6o6vpj001grtknbi62gyf6,260420-005,인천달빛스쿠터,completed,Z:\출력팀\Wooceo_출력백업\!2025년\접수대기\260420\기타\양면\260420-005_인천달빛스쿠터_양면_1up.pdf,260420-005_인천달빛스쿠터_양면_1up.pdf,양면,,,0,2026-04-20 05:20:24.375
cmo6rb9xg000412e83le28pdp,6f33a0a7-62af-4647-bfde-b9b1ba8332a2,cmo6kw5xg000wnolz38k23gdb,260420-001,인천달빛스쿠터,completed,Z:\출력팀\Wooceo_출력백업\!2025년\접수대기\260420\기타\단면\260420-001_인천달빛스쿠터_단면_압축제본_웨딩_용지별도_1up.pdf,260420-001_인천달빛스쿠터_단면_압축제본_웨딩_용지별도_1up.pdf,단면,,,4,2026-04-20 05:31:13.145
cmo6qxnfr0001emjyaksad48h,bd6d76ac-8eec-4c33-b4d8-c3bf09d10b3d,cmo6o24mv0005rtknle7x3319,260420-004,인천달빛스쿠터,completed,Z:\출력팀\Wooceo_출력백업\!2025년\접수대기\260420\기타\양면\260420-004_인천달빛스쿠터_양면_1up.pdf,260420-004_인천달빛스쿠터_양면_1up.pdf,양면,,,1,2026-04-20 05:20:26.569
cmo6tggj80007101vhj2mjslx,a2644e9a-39f6-4524-b470-c5b7f7605ead,cmo6tdzyz000xxm9i51o3lip1,260420-007,인천달빛스쿠터,completed,Z:\출력팀\Wooceo_출력백업\!2025년\접수대기\260420\인디고\4도\양면\260420-007_인천달빛스쿠터_양면_1up.pdf,260420-007_인천달빛스쿠터_양면_1up.pdf,양면,,,1,2026-04-20 06:31:34.52
cmo6qxnfr0002emjyl76oo9d0,bd6d76ac-8eec-4c33-b4d8-c3bf09d10b3d,cmo6nd30d000cgqcd1k1wsvsr,260420-003,인천달빛스쿠터,completed,Z:\출력팀\Wooceo_출력백업\!2025년\접수대기\260420\기타\양면\260420-003_인천달빛스쿠터_양면_1up.pdf,260420-003_인천달빛스쿠터_양면_1up.pdf,양면,,,2,2026-04-20 05:20:35.464
cmo6rb9xg000512e8lrqb2oda,6f33a0a7-62af-4647-bfde-b9b1ba8332a2,cmnjp3e2k005noej68etm53cy,260404-007,인천달빛스쿠터,failed,,,,,"유효한 이미지 파일이 없습니다. (총 18개 파일, originalPath=null, urlType=/uploads/temp/tf-1775268482721-34l702xm1/originals...)",5,2026-04-20 05:31:13.198
cmo6rb9xg000012e8ct92aq4c,6f33a0a7-62af-4647-bfde-b9b1ba8332a2,cmo6o24mv0005rtknle7x3319,260420-004,인천달빛스쿠터,completed,Z:\출력팀\Wooceo_출력백업\!2025년\접수대기\260420\기타\양면\260420-004_인천달빛스쿠터_양면_1up.pdf,260420-004_인천달빛스쿠터_양면_1up.pdf,양면,,,0,2026-04-20 05:31:01.08
cmo6rb9xg000112e8udmpadwr,6f33a0a7-62af-4647-bfde-b9b1ba8332a2,cmo6nd30d000cgqcd1k1wsvsr,260420-003,인천달빛스쿠터,completed,Z:\출력팀\Wooceo_출력백업\!2025년\접수대기\260420\기타\양면\260420-003_인천달빛스쿠터_양면_1up.pdf,260420-003_인천달빛스쿠터_양면_1up.pdf,양면,,,1,2026-04-20 05:31:09.529
cmo6rb9xg000612e8odyrl0bj,6f33a0a7-62af-4647-bfde-b9b1ba8332a2,cmnjp32bu0053oej6pzan27rk,260404-006,인천달빛스쿠터,failed,,,,,"유효한 이미지 파일이 없습니다. (총 5개 파일, originalPath=null, urlType=/uploads/temp/tf-1775268484063-kcsko1uy1/originals...)",6,2026-04-20 05:31:13.218
cmo6tggj80008101vc0wda79x,a2644e9a-39f6-4524-b470-c5b7f7605ead,cmo6tdzh60005xm9ikggeo7pa,260420-006,인천달빛스쿠터,completed,Z:\출력팀\Wooceo_출력백업\!2025년\접수대기\260420\인디고\4도\양면\260420-006_인천달빛스쿠터_양면_1up.pdf,260420-006_인천달빛스쿠터_양면_1up.pdf,양면,,,2,2026-04-20 06:31:47.463
cmo81lbys002pajuuawepimwm,ab473f1b-0464-4f90-8ddc-816a2fc6c375,cmo81izee001aajuufhgw16du,260421-003,인천달빛스쿠터,completed,Z:\출력팀\Wooceo_출력백업\!2025년\접수대기\260421\인디고\4도 풀컬러 단면\단면\260421-003_인천달빛스쿠터_4도 풀컬러 단면_단면_압축제본_웨딩_용지별도_1up.pdf,260421-003_인천달빛스쿠터_4도 풀컬러 단면_단면_압축제본_웨딩_용지별도_1up.pdf,단면,4도 풀컬러 단면,,0,2026-04-21 03:06:32.293
cmo81lbys002qajuuslaehvh6,ab473f1b-0464-4f90-8ddc-816a2fc6c375,cmo81iygn0008ajuukwkb36lt,260421-002,인천달빛스쿠터,completed,Z:\출력팀\Wooceo_출력백업\!2025년\접수대기\260421\인디고\4도 풀컬러 단면\단면\260421-002_인천달빛스쿠터_4도 풀컬러 단면_단면_압축제본_웨딩_용지별도_1up.pdf,260421-002_인천달빛스쿠터_4도 풀컬러 단면_단면_압축제본_웨딩_용지별도_1up.pdf,단면,4도 풀컬러 단면,,1,2026-04-21 03:06:33.33
cmo81lbys002rajuueidlmih6,ab473f1b-0464-4f90-8ddc-816a2fc6c375,cmo6te0hp001qxm9ijs7uzja5,260420-008,인천달빛스쿠터,completed,Z:\출력팀\Wooceo_출력백업\!2025년\접수대기\260421\인디고\4도\양면\260420-008_인천달빛스쿠터_양면_4up.pdf,260420-008_인천달빛스쿠터_양면_4up.pdf,양면,,,2,2026-04-21 03:06:54.223
cmo86suqo0000eql7k00tti9g,79bb8f2e-f173-4a49-8e85-e1a189b8e330,cmo81izee001aajuufhgw16du,260421-003,인천달빛스쿠터,completed,Z:\출력팀\Wooceo_출력백업\!2025년\접수대기\260421\인디고\4도 풀컬러 단면\단면\260421-003_인천달빛스쿠터_4도 풀컬러 단면_단면_압축제본_웨딩_용지별도_1up.pdf,260421-003_인천달빛스쿠터_4도 풀컬러 단면_단면_압축제본_웨딩_용지별도_1up.pdf,단면,4도 풀컬러 단면,,0,2026-04-21 05:32:21.113
cmo86suqo0001eql7qj5yzste,79bb8f2e-f173-4a49-8e85-e1a189b8e330,cmo81iygn0008ajuukwkb36lt,260421-002,인천달빛스쿠터,completed,Z:\출력팀\Wooceo_출력백업\!2025년\접수대기\260421\인디고\4도 풀컬러 단면\단면\260421-002_인천달빛스쿠터_4도 풀컬러 단면_단면_압축제본_웨딩_용지별도_1up.pdf,260421-002_인천달빛스쿠터_4도 풀컬러 단면_단면_압축제본_웨딩_용지별도_1up.pdf,단면,4도 풀컬러 단면,,1,2026-04-21 05:32:22.172
cmo87pvfm000abjwowi4yal1d,89be25d8-09ab-426c-a2a8-9e9f457e99bd,cmo87kgpa000teql7m0bicjjl,260421-004,인천달빛스쿠터,completed,Z:\출력팀\Wooceo_출력백업\!2025년\접수대기\260421\인디고\6도 컬러 단면\단면\260421-004_인천달빛스쿠터_6도 컬러 단면_단면_압축제본_웨딩_용지별도_1up.pdf,260421-004_인천달빛스쿠터_6도 컬러 단면_단면_압축제본_웨딩_용지별도_1up.pdf,단면,6도 컬러 단면,,3,2026-04-21 05:58:05.182
cmo86suqo0002eql7ckp6rheo,79bb8f2e-f173-4a49-8e85-e1a189b8e330,cmo6te0hp001qxm9ijs7uzja5,260420-008,인천달빛스쿠터,completed,Z:\출력팀\Wooceo_출력백업\!2025년\접수대기\260421\인디고\4도\양면\260420-008_인천달빛스쿠터_양면_4up.pdf,260420-008_인천달빛스쿠터_양면_4up.pdf,양면,,,2,2026-04-21 05:32:42.886
cmo87pxi8000cbjwotartzh66,0c44d284-f75e-4f30-b234-55bde5340ff1,cmo87kig00032eql7z59u73nn,260421-006,인천달빛스쿠터,completed,Z:\출력팀\Wooceo_출력백업\!2025년\접수대기\260421\인디고\6도 컬러 단면\단면\260421-006_인천달빛스쿠터_6도 컬러 단면_단면_압축제본_웨딩_용지별도_1up.pdf,260421-006_인천달빛스쿠터_6도 컬러 단면_단면_압축제본_웨딩_용지별도_1up.pdf,단면,6도 컬러 단면,,1,2026-04-21 05:58:05.329
cmo87bq6b000ceql7i2pc7iul,082c3832-2148-4c1b-812f-444fe345c061,cmo80oxet000kx6hzrm9r4t0x,260421-001,인천달빛스쿠터,completed,Z:\출력팀\Wooceo_출력백업\!2025년\접수대기\260421\인디고\4도 풀컬러 단면\단면\260421-001_인천달빛스쿠터_4도 풀컬러 단면_단면_압축제본_웨딩_용지별도_1up.pdf,260421-001_인천달빛스쿠터_4도 풀컬러 단면_단면_압축제본_웨딩_용지별도_1up.pdf,단면,4도 풀컬러 단면,,0,2026-04-21 05:47:03.326
cmo87pvfm0007bjwo7y5x6xgw,89be25d8-09ab-426c-a2a8-9e9f457e99bd,cmo87op1n004meql72pdxjuly,260421-007,인천달빛스쿠터,completed,Z:\출력팀\Wooceo_출력백업\!2025년\접수대기\260421\인디고\4도 풀컬러 단면\단면\260421-007_인천달빛스쿠터_4도 풀컬러 단면_단면_압축제본_웨딩_용지별도_1up.pdf,260421-007_인천달빛스쿠터_4도 풀컬러 단면_단면_압축제본_웨딩_용지별도_1up.pdf,단면,4도 풀컬러 단면,,0,2026-04-21 05:58:00.989
cmo87pxi8000dbjwoazq4e8fn,0c44d284-f75e-4f30-b234-55bde5340ff1,cmo87khl4001xeql7pcffxyyh,260421-005,인천달빛스쿠터,completed,Z:\출력팀\Wooceo_출력백업\!2025년\접수대기\260421\인디고\6도 컬러 단면\단면\260421-005_인천달빛스쿠터_6도 컬러 단면_단면_압축제본_웨딩_용지별도_1up.pdf,260421-005_인천달빛스쿠터_6도 컬러 단면_단면_압축제본_웨딩_용지별도_1up.pdf,단면,6도 컬러 단면,,2,2026-04-21 05:58:06.061
cmo87pvfm0008bjwol50ftil0,89be25d8-09ab-426c-a2a8-9e9f457e99bd,cmo87kig00032eql7z59u73nn,260421-006,인천달빛스쿠터,completed,Z:\출력팀\Wooceo_출력백업\!2025년\접수대기\260421\인디고\6도 컬러 단면\단면\260421-006_인천달빛스쿠터_6도 컬러 단면_단면_압축제본_웨딩_용지별도_1up.pdf,260421-006_인천달빛스쿠터_6도 컬러 단면_단면_압축제본_웨딩_용지별도_1up.pdf,단면,6도 컬러 단면,,1,2026-04-21 05:58:02.062
cmo8bp8i10000suw22ubgvfaf,ff787d5f-f009-4e5b-bf6d-1a5f277f5513,cmo87op1n004meql72pdxjuly,260421-007,인천달빛스쿠터,completed,Z:\출력팀\Wooceo_출력백업\!2025년\접수대기\260421\인디고\4도 풀컬러 단면\단면\260421-007_인천달빛스쿠터_4도 풀컬러 단면_단면_압축제본_웨딩_용지별도_1up.pdf,260421-007_인천달빛스쿠터_4도 풀컬러 단면_단면_압축제본_웨딩_용지별도_1up.pdf,단면,4도 풀컬러 단면,,0,2026-04-21 07:49:30.084
cmo87pxi8000ebjwobm4z1mad,0c44d284-f75e-4f30-b234-55bde5340ff1,cmo87kgpa000teql7m0bicjjl,260421-004,인천달빛스쿠터,completed,Z:\출력팀\Wooceo_출력백업\!2025년\접수대기\260421\인디고\6도 컬러 단면\단면\260421-004_인천달빛스쿠터_6도 컬러 단면_단면_압축제본_웨딩_용지별도_1up.pdf,260421-004_인천달빛스쿠터_6도 컬러 단면_단면_압축제본_웨딩_용지별도_1up.pdf,단면,6도 컬러 단면,,3,2026-04-21 05:58:07.43
cmo87pvfm0009bjwo2v9v3jwd,89be25d8-09ab-426c-a2a8-9e9f457e99bd,cmo87khl4001xeql7pcffxyyh,260421-005,인천달빛스쿠터,completed,Z:\출력팀\Wooceo_출력백업\!2025년\접수대기\260421\인디고\6도 컬러 단면\단면\260421-005_인천달빛스쿠터_6도 컬러 단면_단면_압축제본_웨딩_용지별도_1up.pdf,260421-005_인천달빛스쿠터_6도 컬러 단면_단면_압축제본_웨딩_용지별도_1up.pdf,단면,6도 컬러 단면,,2,2026-04-21 05:58:03.254
cmo87pxi8000bbjwo1r1vj7k4,0c44d284-f75e-4f30-b234-55bde5340ff1,cmo87op1n004meql72pdxjuly,260421-007,인천달빛스쿠터,completed,Z:\출력팀\Wooceo_출력백업\!2025년\접수대기\260421\인디고\4도 풀컬러 단면\단면\260421-007_인천달빛스쿠터_4도 풀컬러 단면_단면_압축제본_웨딩_용지별도_1up.pdf,260421-007_인천달빛스쿠터_4도 풀컬러 단면_단면_압축제본_웨딩_용지별도_1up.pdf,단면,4도 풀컬러 단면,,0,2026-04-21 05:58:04.569
cmo8bqays0001suw22t39t1ih,ea13f838-d99c-414e-b850-af2274d44812,cmo87op1n004meql72pdxjuly,260421-007,인천달빛스쿠터,completed,Z:\출력팀\Wooceo_출력백업\!2025년\접수대기\260421\인디고\4도 풀컬러 단면\단면\260421-007_인천달빛스쿠터_4도 풀컬러 단면_단면_압축제본_웨딩_용지별도_1up.pdf,260421-007_인천달빛스쿠터_4도 풀컬러 단면_단면_압축제본_웨딩_용지별도_1up.pdf,단면,4도 풀컬러 단면,,0,2026-04-21 07:50:20.051
cmo8ctwd40006sa3ejhdaxdhx,bd7ccbbf-d781-47c6-9a71-954f0157aabf,cmo87op1n004meql72pdxjuly,260421-007,인천달빛스쿠터,completed,Z:\출력팀\Wooceo_출력백업\!2025년\접수대기\260421\인디고\4도 풀컬러 단면\단면\260421-007_인천달빛스쿠터_4도 풀컬러 단면_단면_압축제본_웨딩_용지별도_1up.pdf,260421-007_인천달빛스쿠터_4도 풀컬러 단면_단면_압축제본_웨딩_용지별도_1up.pdf,단면,4도 풀컬러 단면,,0,2026-04-21 08:21:07.134
cmo8d0tpn0036sa3e7x10o4l9,1fc7fc8b-19a4-4ca3-8b07-5183026ab480,cmo8cyv6f0025sa3ehnud647s,260421-010,인천달빛스쿠터,completed,Z:\출력팀\Wooceo_출력백업\!2025년\접수대기\260421\인디고\6도 컬러 양면\양면\260421-010_인천달빛스쿠터_6도 컬러 양면_양면_압축제본_웨딩_용지별도_1up.pdf,260421-010_인천달빛스쿠터_6도 컬러 양면_양면_압축제본_웨딩_용지별도_1up.pdf,양면,6도 컬러 양면,,0,2026-04-21 08:26:40.144
cmo8d0tpn0037sa3exj63sgeh,1fc7fc8b-19a4-4ca3-8b07-5183026ab480,cmo8cyuf20016sa3edz7kdfi6,260421-009,인천달빛스쿠터,completed,Z:\출력팀\Wooceo_출력백업\!2025년\접수대기\260421\인디고\6도 컬러 양면\양면\260421-009_인천달빛스쿠터_6도 컬러 양면_양면_압축제본_웨딩_용지별도_1up.pdf,260421-009_인천달빛스쿠터_6도 컬러 양면_양면_압축제본_웨딩_용지별도_1up.pdf,양면,6도 컬러 양면,,1,2026-04-21 08:26:51.327
cmo8d0tpn0038sa3eig6q6acu,1fc7fc8b-19a4-4ca3-8b07-5183026ab480,cmo8cytz3000gsa3eq0swhga8,260421-008,인천달빛스쿠터,completed,Z:\출력팀\Wooceo_출력백업\!2025년\접수대기\260421\인디고\6도 컬러 양면\양면\260421-008_인천달빛스쿠터_6도 컬러 양면_양면_압축제본_웨딩_용지별도_1up.pdf,260421-008_인천달빛스쿠터_6도 컬러 양면_양면_압축제본_웨딩_용지별도_1up.pdf,양면,6도 컬러 양면,,2,2026-04-21 08:26:56.944
cmo8gd8df003z129hkg5o0v8a,46766c62-70f2-4f96-8f3c-358f252e87de,cmo8gccjs001j129hj90dpzbg,260421-012,인천달빛스쿠터,completed,Z:\출력팀\Wooceo_출력백업\!2025년\접수대기\260421\인디고\6도 컬러 단면\단면\260421-012_인천달빛스쿠터_6도 컬러 단면_단면_압축제본_웨딩_용지별도_1up.pdf,260421-012_인천달빛스쿠터_6도 컬러 단면_단면_압축제본_웨딩_용지별도_1up.pdf,단면,6도 컬러 단면,,1,2026-04-21 10:00:13.168
cmo8duxwv0001b63umex9dgvc,44ecb5b9-5c38-4a9d-807c-8ae9c60587ab,cmo8cyv6f0025sa3ehnud647s,260421-010,인천달빛스쿠터,completed,Z:\출력팀\Wooceo_출력백업\!2025년\접수대기\260421\인디고\6도 컬러 양면\양면\260421-010_인천달빛스쿠터_6도 컬러 양면_양면_압축제본_웨딩_용지별도_1up.pdf,260421-010_인천달빛스쿠터_6도 컬러 양면_양면_압축제본_웨딩_용지별도_1up.pdf,양면,6도 컬러 양면,,0,2026-04-21 08:50:04.327
cmo8hauer0001uoor5r2fv4qn,afe5876f-2739-4fc4-a92c-d3c5c2f4fb9d,cmo8gccjs001j129hj90dpzbg,260421-012,인천달빛스쿠터,completed,Z:\출력팀\Wooceo_출력백업\!2025년\접수대기\260421\인디고\6도 컬러 단면\단면\260421-012_인천달빛스쿠터_6도 컬러 단면_단면_압축제본_웨딩_용지별도_1up.pdf,260421-012_인천달빛스쿠터_6도 컬러 단면_단면_압축제본_웨딩_용지별도_1up.pdf,단면,6도 컬러 단면,,1,2026-04-21 10:26:22.652
cmo8f1k4a000gb63ubrsotvbb,cca57fa8-7b3b-4db4-b89d-5400d3c7bdb6,cmo8cyv6f0025sa3ehnud647s,260421-010,인천달빛스쿠터,completed,Z:\출력팀\Wooceo_출력백업\!2025년\접수대기\260421\인디고\6도 컬러 양면\양면\260421-010_인천달빛스쿠터_6도 컬러 양면_양면_압축제본_웨딩_용지별도_1up.pdf,260421-010_인천달빛스쿠터_6도 컬러 양면_양면_압축제본_웨딩_용지별도_1up.pdf,양면,6도 컬러 양면,,0,2026-04-21 09:23:11.321
cmo8gd8df0040129hxtlpsb53,46766c62-70f2-4f96-8f3c-358f252e87de,cmo8gcbne000d129hl678cxpk,260421-011,인천달빛스쿠터,completed,Z:\출력팀\Wooceo_출력백업\!2025년\접수대기\260421\인디고\6도 컬러 단면\단면\260421-011_인천달빛스쿠터_6도 컬러 단면_단면_압축제본_웨딩_용지별도_1up.pdf,260421-011_인천달빛스쿠터_6도 컬러 단면_단면_압축제본_웨딩_용지별도_1up.pdf,단면,6도 컬러 단면,,2,2026-04-21 10:00:14.725
cmo8fqz3o00036fljo365sd63,fee1fff4-586f-448e-9bc6-0080646ee93c,cmo8cyv6f0025sa3ehnud647s,260421-010,인천달빛스쿠터,completed,Z:\출력팀\Wooceo_출력백업\!2025년\접수대기\260421\인디고\6도 컬러 양면\양면\260421-010_인천달빛스쿠터_6도 컬러 양면_양면_압축제본_웨딩_용지별도_1up.pdf,260421-010_인천달빛스쿠터_6도 컬러 양면_양면_압축제본_웨딩_용지별도_1up.pdf,양면,6도 컬러 양면,,0,2026-04-21 09:43:01.588
cmo8g3p2u0000129h8mfo5ace,b60b6fa0-b7de-4535-b158-fe20a7fcda60,cmo8cytz3000gsa3eq0swhga8,260421-008,인천달빛스쿠터,completed,Z:\출력팀\Wooceo_출력백업\!2025년\접수대기\260421\인디고\6도 컬러 양면\양면\260421-008_인천달빛스쿠터_6도 컬러 양면_양면_압축제본_웨딩_용지별도_1up.pdf,260421-008_인천달빛스쿠터_6도 컬러 양면_양면_압축제본_웨딩_용지별도_1up.pdf,양면,6도 컬러 양면,,0,2026-04-21 09:52:48.14
cmo8g4tw70001129hausv6byu,9ac07259-89bc-49bb-b68c-035cb2088512,cmo6te0hp001qxm9ijs7uzja5,260420-008,인천달빛스쿠터,completed,Z:\출력팀\Wooceo_출력백업\!2025년\접수대기\260421\인디고\4도\양면\260420-008_인천달빛스쿠터_양면_4up.pdf,260420-008_인천달빛스쿠터_양면_4up.pdf,양면,,,0,2026-04-21 09:53:58.157
cmo8gd8de003y129h0t9yj7nj,46766c62-70f2-4f96-8f3c-358f252e87de,cmo8gcdgo002n129hnw5puxjn,260421-013,인천달빛스쿠터,completed,Z:\출력팀\Wooceo_출력백업\!2025년\접수대기\260421\인디고\6도 컬러 단면\단면\260421-013_인천달빛스쿠터_6도 컬러 단면_단면_압축제본_웨딩_용지별도_1up.pdf,260421-013_인천달빛스쿠터_6도 컬러 단면_단면_압축제본_웨딩_용지별도_1up.pdf,단면,6도 컬러 단면,,0,2026-04-21 10:00:09.996
cmo8hauer0000uoorrw3hu9zn,afe5876f-2739-4fc4-a92c-d3c5c2f4fb9d,cmo8gcdgo002n129hnw5puxjn,260421-013,인천달빛스쿠터,completed,Z:\출력팀\Wooceo_출력백업\!2025년\접수대기\260421\인디고\6도 컬러 단면\단면\260421-013_인천달빛스쿠터_6도 컬러 단면_단면_압축제본_웨딩_용지별도_1up.pdf,260421-013_인천달빛스쿠터_6도 컬러 단면_단면_압축제본_웨딩_용지별도_1up.pdf,단면,6도 컬러 단면,,0,2026-04-21 10:26:19.4
cmo8hauer0002uoorxemn1ryu,afe5876f-2739-4fc4-a92c-d3c5c2f4fb9d,cmo8gcbne000d129hl678cxpk,260421-011,인천달빛스쿠터,completed,Z:\출력팀\Wooceo_출력백업\!2025년\접수대기\260421\인디고\6도 컬러 단면\단면\260421-011_인천달빛스쿠터_6도 컬러 단면_단면_압축제본_웨딩_용지별도_1up.pdf,260421-011_인천달빛스쿠터_6도 컬러 단면_단면_압축제본_웨딩_용지별도_1up.pdf,단면,6도 컬러 단면,,2,2026-04-21 10:26:25.705
cmo8i7qxv00009u71ishjhltf,82628d68-b1c1-4c42-b76c-68549307596d,cmo8gcdgo002n129hnw5puxjn,260421-013,인천달빛스쿠터,completed,Z:\출력팀\Wooceo_출력백업\!2025년\접수대기\260421\인디고\6도 컬러 단면\단면\260421-013_인천달빛스쿠터_6도 컬러 단면_단면_압축제본_웨딩_용지별도_1up.pdf,260421-013_인천달빛스쿠터_6도 컬러 단면_단면_압축제본_웨딩_용지별도_1up.pdf,단면,6도 컬러 단면,,0,2026-04-21 10:51:54.811
cmo8i7qxv00019u71aifcdzhv,82628d68-b1c1-4c42-b76c-68549307596d,cmo8gccjs001j129hj90dpzbg,260421-012,인천달빛스쿠터,completed,Z:\출력팀\Wooceo_출력백업\!2025년\접수대기\260421\인디고\6도 컬러 단면\단면\260421-012_인천달빛스쿠터_6도 컬러 단면_단면_압축제본_웨딩_용지별도_1up.pdf,260421-012_인천달빛스쿠터_6도 컬러 단면_단면_압축제본_웨딩_용지별도_1up.pdf,단면,6도 컬러 단면,,1,2026-04-21 10:51:58.018
cmo8i7qxv00029u7173t17bbk,82628d68-b1c1-4c42-b76c-68549307596d,cmo8gcbne000d129hl678cxpk,260421-011,인천달빛스쿠터,completed,Z:\출력팀\Wooceo_출력백업\!2025년\접수대기\260421\인디고\6도 컬러 단면\단면\260421-011_인천달빛스쿠터_6도 컬러 단면_단면_압축제본_웨딩_용지별도_1up.pdf,260421-011_인천달빛스쿠터_6도 컬러 단면_단면_압축제본_웨딩_용지별도_1up.pdf,단면,6도 컬러 단면,,2,2026-04-21 10:52:00.96
cmo8ia96m00039u71a1ffzhzb,62e5a9ac-f8bc-4944-9ce4-a0700358d768,cmo6te0hp001qxm9ijs7uzja5,260420-008,인천달빛스쿠터,completed,Z:\출력팀\Wooceo_출력백업\!2025년\접수대기\260421\인디고\4도\양면\260420-008_인천달빛스쿠터_양면_4up.pdf,260420-008_인천달빛스쿠터_양면_4up.pdf,양면,,,0,2026-04-21 10:54:12.42
cmo8icq6500059u71s3t7l9b1,7aedbe15-278c-44fb-8429-b07292b8e317,cmo8gcdgo002n129hnw5puxjn,260421-013,인천달빛스쿠터,completed,Z:\출력팀\Wooceo_출력백업\!2025년\접수대기\260421\인디고\6도 컬러 단면\단면\260421-013_인천달빛스쿠터_6도 컬러 단면_단면_압축제본_웨딩_용지별도_1up.pdf,260421-013_인천달빛스쿠터_6도 컬러 단면_단면_압축제본_웨딩_용지별도_1up.pdf,단면,6도 컬러 단면,,0,2026-04-21 10:55:45.126
cmo8kkvm00006cmqcwh3jokmm,bf6a51a5-574f-4f40-b0b6-7f5d37cb8155,cmo8gcdgo002n129hnw5puxjn,260421-013,인천달빛스쿠터,completed,X:\printing114\uploads\orders\2026\04\21\인천달빛스쿠터\260421-013\print-pdf\260421-013_인천달빛스쿠터_6도 컬러 단면_단면_압축제본_웨딩_용지별도_1up.pdf,260421-013_인천달빛스쿠터_6도 컬러 단면_단면_압축제본_웨딩_용지별도_1up.pdf,단면,6도 컬러 단면,,0,2026-04-21 11:58:04.634
cmo8idcai00069u719txt4i7g,39abaa8c-9a49-4d3d-a3e8-84607af429ba,cmo8gcdgo002n129hnw5puxjn,260421-013,인천달빛스쿠터,completed,Z:\출력팀\Wooceo_출력백업\!2025년\접수대기\260421\인디고\6도 컬러 단면\단면\260421-013_인천달빛스쿠터_6도 컬러 단면_단면_압축제본_웨딩_용지별도_1up.pdf,260421-013_인천달빛스쿠터_6도 컬러 단면_단면_압축제본_웨딩_용지별도_1up.pdf,단면,6도 컬러 단면,,0,2026-04-21 10:56:14.036
cmo8idcai00079u71pf70oj4t,39abaa8c-9a49-4d3d-a3e8-84607af429ba,cmo6te0hp001qxm9ijs7uzja5,260420-008,인천달빛스쿠터,completed,Z:\출력팀\Wooceo_출력백업\!2025년\접수대기\260421\인디고\4도\양면\260420-008_인천달빛스쿠터_양면_4up.pdf,260420-008_인천달빛스쿠터_양면_4up.pdf,양면,,,1,2026-04-21 10:56:33.071
cmo8ius430001btxrc0dpsy87,3134eae7-4c99-406e-b396-a526f10b4b5d,cmo8gcdgo002n129hnw5puxjn,260421-013,인천달빛스쿠터,completed,Z:\출력팀\Wooceo_출력백업\!2025년\접수대기\260421\인디고\6도 컬러 단면\단면\260421-013_인천달빛스쿠터_6도 컬러 단면_단면_압축제본_웨딩_용지별도_4up.pdf,260421-013_인천달빛스쿠터_6도 컬러 단면_단면_압축제본_웨딩_용지별도_4up.pdf,단면,6도 컬러 단면,,0,2026-04-21 11:09:49.196
cmo8kt3ae000acmqcr93qs9h9,aa27486a-e77f-4c49-9c74-87b4db35a1f7,cmo8gcdgo002n129hnw5puxjn,260421-013,인천달빛스쿠터,completed,Z:\출력팀\Wooceo_출력백업\!2025년\접수대기\260421\인디고\6도 컬러 단면\단면\260421-013_인천달빛스쿠터_6도 컬러 단면_단면_압축제본_웨딩_용지별도_1up.pdf,260421-013_인천달빛스쿠터_6도 컬러 단면_단면_압축제본_웨딩_용지별도_1up.pdf,단면,6도 컬러 단면,,0,2026-04-21 12:04:27.91
cmo8ixa1q0002btxrbsemwcz2,6f9d3fdb-58ea-41c0-bacd-db0f2fa8d469,cmo8gcdgo002n129hnw5puxjn,260421-013,인천달빛스쿠터,completed,Z:\출력팀\Wooceo_출력백업\!2025년\접수대기\260421\인디고\6도 컬러 단면\단면\260421-013_인천달빛스쿠터_6도 컬러 단면_단면_압축제본_웨딩_용지별도_4up.pdf,260421-013_인천달빛스쿠터_6도 컬러 단면_단면_압축제본_웨딩_용지별도_4up.pdf,단면,6도 컬러 단면,,0,2026-04-21 11:11:44.074
cmo8ixa1q0003btxrbr6l3get,6f9d3fdb-58ea-41c0-bacd-db0f2fa8d469,cmo8gccjs001j129hj90dpzbg,260421-012,인천달빛스쿠터,completed,Z:\출력팀\Wooceo_출력백업\!2025년\접수대기\260421\인디고\6도 컬러 단면\단면\260421-012_인천달빛스쿠터_6도 컬러 단면_단면_압축제본_웨딩_용지별도_4up.pdf,260421-012_인천달빛스쿠터_6도 컬러 단면_단면_압축제본_웨딩_용지별도_4up.pdf,단면,6도 컬러 단면,,1,2026-04-21 11:11:47.286
cmo8ixa1q0004btxrjslcugay,6f9d3fdb-58ea-41c0-bacd-db0f2fa8d469,cmo8gcbne000d129hl678cxpk,260421-011,인천달빛스쿠터,completed,Z:\출력팀\Wooceo_출력백업\!2025년\접수대기\260421\인디고\6도 컬러 단면\단면\260421-011_인천달빛스쿠터_6도 컬러 단면_단면_압축제본_웨딩_용지별도_4up.pdf,260421-011_인천달빛스쿠터_6도 컬러 단면_단면_압축제본_웨딩_용지별도_4up.pdf,단면,6도 컬러 단면,,2,2026-04-21 11:11:50.25
cmo9b31y400135pcuqkzrtwte,458afdf1-7dda-460b-8a73-72de9f2c40f7,cmo9azvda000e5pcu4qwtlvx7,260422-001,인천달빛스쿠터,completed,Z:\출력팀\Wooceo_출력백업\!2025년\접수대기\260422\인디고\6도 컬러 양면\양면\260422-001_인천달빛스쿠터_6도 컬러 양면_양면_압축제본_웨딩_용지별도_1up.pdf,260422-001_인천달빛스쿠터_6도 컬러 양면_양면_압축제본_웨딩_용지별도_1up.pdf,양면,6도 컬러 양면,,0,2026-04-22 00:20:04.677
