id,ledgerNumber,ledgerDate,salesDate,clientId,clientName,clientBizNo,orderId,orderNumber,salesType,taxType,supplyAmount,vatAmount,shippingFee,adjustmentAmount,totalAmount,receivedAmount,outstandingAmount,paymentMethod,paymentStatus,dueDate,salesStatus,description,adminMemo,createdBy,confirmedBy,confirmedAt,createdAt,updatedAt,staffId
cmlg6srvo0001rfsetqepvfew,SL-20260210-001,2026-02-09 01:34:55.292,,cml5w4ssp0001v7vnm48qzlwz,풀로우,3072204670,cmlei22ij0001coa4y1m3bt9q,ORD-20260209-0001,ALBUM,TAXABLE,9000.00,900.00,0.00,0.00,9900.00,0.00,9900.00,postpaid,unpaid,,REGISTERED,ORD-20260209-0001 매출,,system-backfill,,,2026-02-10 05:55:18.18,2026-02-10 05:55:18.18,
cmlg6srvt0004rfsemimb407p,SL-20260210-002,2026-02-09 01:34:55.327,,cml5w4ssp0001v7vnm48qzlwz,풀로우,3072204670,cmlei22jj0006coa43sx3jc95,ORD-20260209-0002,ALBUM,TAXABLE,9000.00,900.00,0.00,0.00,9900.00,0.00,9900.00,postpaid,unpaid,,REGISTERED,ORD-20260209-0002 매출,,system-backfill,,,2026-02-10 05:55:18.185,2026-02-10 05:55:18.185,
cmlg6srvu0007rfseswhfmt7f,SL-20260210-003,2026-02-09 01:34:55.349,,cml5w4ssp0001v7vnm48qzlwz,풀로우,3072204670,cmlei22k5000bcoa4k7d90mo3,ORD-20260209-0003,ALBUM,TAXABLE,9000.00,900.00,0.00,0.00,9900.00,0.00,9900.00,postpaid,unpaid,,REGISTERED,ORD-20260209-0003 매출,,system-backfill,,,2026-02-10 05:55:18.187,2026-02-10 05:55:18.187,
cmlg6srvw000arfsezc8j3naf,SL-20260210-004,2026-02-09 01:34:55.371,,cml5w4ssp0001v7vnm48qzlwz,풀로우,3072204670,cmlei22kr000gcoa4254l6z0p,ORD-20260209-0004,ALBUM,TAXABLE,9000.00,900.00,0.00,0.00,9900.00,0.00,9900.00,postpaid,unpaid,,REGISTERED,ORD-20260209-0004 매출,,system-backfill,,,2026-02-10 05:55:18.188,2026-02-10 05:55:18.188,
cmlg6srvx000drfser1h4f3c7,SL-20260210-005,2026-02-09 01:34:55.392,,cml5w4ssp0001v7vnm48qzlwz,풀로우,3072204670,cmlei22lc000lcoa4z05337h8,ORD-20260209-0005,ALBUM,TAXABLE,9000.00,900.00,0.00,0.00,9900.00,0.00,9900.00,postpaid,unpaid,,REGISTERED,ORD-20260209-0005 매출,,system-backfill,,,2026-02-10 05:55:18.19,2026-02-10 05:55:18.19,
cmlg6srvz000grfseoypz4g2z,SL-20260210-006,2026-02-09 01:34:55.413,,cml5w4ssp0001v7vnm48qzlwz,풀로우,3072204670,cmlei22lw000qcoa4j6jrruqu,ORD-20260209-0006,ALBUM,TAXABLE,9000.00,900.00,0.00,0.00,9900.00,0.00,9900.00,postpaid,unpaid,,REGISTERED,ORD-20260209-0006 매출,,system-backfill,,,2026-02-10 05:55:18.191,2026-02-10 05:55:18.191,
cmlg6srw0000jrfserxp6hx2x,SL-20260210-007,2026-02-09 01:34:55.434,,cml5w4ssp0001v7vnm48qzlwz,풀로우,3072204670,cmlei22mh000vcoa41oadyxjz,ORD-20260209-0007,ALBUM,TAXABLE,9000.00,900.00,0.00,0.00,9900.00,0.00,9900.00,postpaid,unpaid,,REGISTERED,ORD-20260209-0007 매출,,system-backfill,,,2026-02-10 05:55:18.193,2026-02-10 05:55:18.193,
cmlg6srw2000mrfsevy3kju10,SL-20260210-008,2026-02-09 01:34:55.453,,cml5w4ssp0001v7vnm48qzlwz,풀로우,3072204670,cmlei22n10010coa45clnhoav,ORD-20260209-0008,ALBUM,TAXABLE,9000.00,900.00,0.00,0.00,9900.00,0.00,9900.00,postpaid,unpaid,,REGISTERED,ORD-20260209-0008 매출,,system-backfill,,,2026-02-10 05:55:18.194,2026-02-10 05:55:18.194,
cmlg6srw3000prfse1u7lbzgx,SL-20260210-009,2026-02-09 01:34:55.472,,cml5w4ssp0001v7vnm48qzlwz,풀로우,3072204670,cmlei22nk0015coa4wc3moq49,ORD-20260209-0009,ALBUM,TAXABLE,9000.00,900.00,0.00,0.00,9900.00,0.00,9900.00,postpaid,unpaid,,REGISTERED,ORD-20260209-0009 매출,,system-backfill,,,2026-02-10 05:55:18.195,2026-02-10 05:55:18.195,
cmlg6srw4000srfsecuwnakid,SL-20260210-010,2026-02-09 01:34:55.491,,cml5w4ssp0001v7vnm48qzlwz,풀로우,3072204670,cmlei22o2001acoa4g2vzozpy,ORD-20260209-0010,ALBUM,TAXABLE,0.00,0.00,0.00,0.00,0.00,0.00,0.00,postpaid,unpaid,,REGISTERED,ORD-20260209-0010 매출,,system-backfill,,,2026-02-10 05:55:18.196,2026-02-10 05:55:18.196,
cmlg6srw5000vrfsednm5ldci,SL-20260210-011,2026-02-09 01:49:58.398,,cml5w4ssp0001v7vnm48qzlwz,풀로우,3072204670,cmleilfct000114aqlh7tlmos,ORD-20260209-0011,ALBUM,TAXABLE,9000.00,900.00,0.00,0.00,9900.00,0.00,9900.00,postpaid,unpaid,,REGISTERED,ORD-20260209-0011 매출,,system-backfill,,,2026-02-10 05:55:18.197,2026-02-10 05:55:18.197,
cmlg6srw6000yrfseih82rtix,SL-20260210-012,2026-02-09 01:49:58.43,,cml5w4ssp0001v7vnm48qzlwz,풀로우,3072204670,cmleilfdq000614aqa4qgmd3d,ORD-20260209-0012,ALBUM,TAXABLE,9000.00,900.00,0.00,0.00,9900.00,0.00,9900.00,postpaid,unpaid,,REGISTERED,ORD-20260209-0012 매출,,system-backfill,,,2026-02-10 05:55:18.199,2026-02-10 05:55:18.199,
cmlg6srw70011rfseahtryfdi,SL-20260210-013,2026-02-09 01:49:58.451,,cml5w4ssp0001v7vnm48qzlwz,풀로우,3072204670,cmleilfeb000b14aq806r14n7,ORD-20260209-0013,ALBUM,TAXABLE,9000.00,900.00,5500.00,0.00,15400.00,0.00,15400.00,postpaid,unpaid,,REGISTERED,ORD-20260209-0013 매출,,system-backfill,,,2026-02-10 05:55:18.2,2026-02-10 05:55:18.2,
cmlg6srw90014rfse132cv57c,SL-20260210-014,2026-02-09 01:49:58.472,,cml5w4ssp0001v7vnm48qzlwz,풀로우,3072204670,cmleilfew000h14aq2ncga188,ORD-20260209-0014,ALBUM,TAXABLE,9000.00,900.00,0.00,0.00,9900.00,0.00,9900.00,postpaid,unpaid,,REGISTERED,ORD-20260209-0014 매출,,system-backfill,,,2026-02-10 05:55:18.201,2026-02-10 05:55:18.201,
cmlg6srwa0017rfse1drhwblj,SL-20260210-015,2026-02-09 01:49:58.492,,cml5w4ssp0001v7vnm48qzlwz,풀로우,3072204670,cmleilffg000m14aq35jarivo,ORD-20260209-0015,ALBUM,TAXABLE,9000.00,900.00,0.00,0.00,9900.00,0.00,9900.00,postpaid,unpaid,,REGISTERED,ORD-20260209-0015 매출,,system-backfill,,,2026-02-10 05:55:18.202,2026-02-10 05:55:18.202,
cmlg6srwb001arfseup9miiyr,SL-20260210-016,2026-02-09 01:49:58.513,,cml5w4ssp0001v7vnm48qzlwz,풀로우,3072204670,cmleilfg1000r14aqk2mbknc4,ORD-20260209-0016,ALBUM,TAXABLE,9000.00,900.00,0.00,0.00,9900.00,0.00,9900.00,postpaid,unpaid,,REGISTERED,ORD-20260209-0016 매출,,system-backfill,,,2026-02-10 05:55:18.203,2026-02-10 05:55:18.203,
cmlg6srwc001drfse28wh38tj,SL-20260210-017,2026-02-09 01:49:58.533,,cml5w4ssp0001v7vnm48qzlwz,풀로우,3072204670,cmleilfgl000w14aqnhramooj,ORD-20260209-0017,ALBUM,TAXABLE,9000.00,900.00,0.00,0.00,9900.00,0.00,9900.00,postpaid,unpaid,,REGISTERED,ORD-20260209-0017 매출,,system-backfill,,,2026-02-10 05:55:18.205,2026-02-10 05:55:18.205,
cmlg6srwe001grfsegq9bdrnd,SL-20260210-018,2026-02-09 01:49:58.553,,cml5w4ssp0001v7vnm48qzlwz,풀로우,3072204670,cmleilfh4001114aq48y9pke5,ORD-20260209-0018,ALBUM,TAXABLE,9000.00,900.00,0.00,0.00,9900.00,0.00,9900.00,postpaid,unpaid,,REGISTERED,ORD-20260209-0018 매출,,system-backfill,,,2026-02-10 05:55:18.206,2026-02-10 05:55:18.206,
cmlg6srwf001jrfseddr3y4ag,SL-20260210-019,2026-02-09 01:49:58.572,,cml5w4ssp0001v7vnm48qzlwz,풀로우,3072204670,cmleilfho001614aq9cow7r3p,ORD-20260209-0019,ALBUM,TAXABLE,9000.00,900.00,0.00,0.00,9900.00,0.00,9900.00,postpaid,unpaid,,REGISTERED,ORD-20260209-0019 매출,,system-backfill,,,2026-02-10 05:55:18.208,2026-02-10 05:55:18.208,
cmlg6srwh001mrfseei6ywjwy,SL-20260210-020,2026-02-09 01:49:58.592,,cml5w4ssp0001v7vnm48qzlwz,풀로우,3072204670,cmleilfi7001b14aqcviu7r36,ORD-20260209-0020,ALBUM,TAXABLE,9000.00,900.00,0.00,0.00,9900.00,0.00,9900.00,postpaid,unpaid,,REGISTERED,ORD-20260209-0020 매출,,system-backfill,,,2026-02-10 05:55:18.209,2026-02-10 05:55:18.209,
cmlg6srwi001prfse3rgrhtlw,SL-20260210-021,2026-02-09 01:49:58.612,,cml5w4ssp0001v7vnm48qzlwz,풀로우,3072204670,cmleilfir001g14aq1rtiv5q5,ORD-20260209-0021,ALBUM,TAXABLE,9000.00,900.00,0.00,0.00,9900.00,0.00,9900.00,postpaid,unpaid,,REGISTERED,ORD-20260209-0021 매출,,system-backfill,,,2026-02-10 05:55:18.21,2026-02-10 05:55:18.21,
cmlg6srwj001srfsewsvvqsxa,SL-20260210-022,2026-02-09 03:59:15.489,,cml5w4ssp0001v7vnm48qzlwz,풀로우,3072204670,cmlen7orm0001sr3qmcd841rx,ORD-20260209-0022,ALBUM,TAXABLE,20400.00,2040.00,0.00,0.00,22440.00,0.00,22440.00,postpaid,unpaid,,REGISTERED,ORD-20260209-0022 매출,,system-backfill,,,2026-02-10 05:55:18.211,2026-02-10 05:55:18.211,
cmlg6srwk001vrfseq3iuqi1e,SL-20260210-023,2026-02-09 03:59:15.525,,cml5w4ssp0001v7vnm48qzlwz,풀로우,3072204670,cmlen7osl0006sr3qvnwoibxr,ORD-20260209-0023,ALBUM,TAXABLE,40800.00,4080.00,0.00,0.00,44880.00,0.00,44880.00,postpaid,unpaid,,REGISTERED,ORD-20260209-0023 매출,,system-backfill,,,2026-02-10 05:55:18.212,2026-02-10 05:55:18.212,
cmlg6srwl001yrfsedvwnonie,SL-20260210-024,2026-02-09 04:29:31.396,,cml5w4ssp0001v7vnm48qzlwz,풀로우,3072204670,cmleoalxg000114an8m9i925d,ORD-20260209-0024,ALBUM,TAXABLE,42500.00,4250.00,0.00,0.00,46750.00,0.00,46750.00,postpaid,unpaid,,REGISTERED,ORD-20260209-0024 매출,,system-backfill,,,2026-02-10 05:55:18.213,2026-02-10 05:55:18.213,
cmlg6srwm0021rfsea2pl4gmf,SL-20260210-025,2026-02-09 04:29:31.425,,cml5w4ssp0001v7vnm48qzlwz,풀로우,3072204670,cmleoaly9000614anqk53cmjj,ORD-20260209-0025,ALBUM,TAXABLE,80000.00,8000.00,0.00,0.00,88000.00,0.00,88000.00,postpaid,unpaid,,REGISTERED,ORD-20260209-0025 매출,,system-backfill,,,2026-02-10 05:55:18.214,2026-02-10 05:55:18.214,
cmlg6srwn0024rfsemfwy9e7z,SL-20260210-026,2026-02-09 04:59:29.774,,cml5w4ssp0001v7vnm48qzlwz,풀로우,3072204670,cmlepd5ke0001xbco6kiqxock,ORD-20260209-0026,ALBUM,TAXABLE,20400.00,2040.00,0.00,0.00,22440.00,0.00,22440.00,postpaid,unpaid,,REGISTERED,ORD-20260209-0026 매출,,system-backfill,,,2026-02-10 05:55:18.215,2026-02-10 05:55:18.215,
cmlg6srwo0027rfsegi2qm068,SL-20260210-027,2026-02-09 04:59:29.802,,cml5w4ssp0001v7vnm48qzlwz,풀로우,3072204670,cmlepd5l50006xbcof2y49g24,ORD-20260209-0027,ALBUM,TAXABLE,40800.00,4080.00,0.00,0.00,44880.00,0.00,44880.00,postpaid,unpaid,,REGISTERED,ORD-20260209-0027 매출,,system-backfill,,,2026-02-10 05:55:18.217,2026-02-10 05:55:18.217,
cmlg6srwq002arfsek6iltbpr,SL-20260210-028,2026-02-10 05:50:10.356,,cml5w4ssp0001v7vnm48qzlwz,풀로우,3072204670,cmlg6m6d00001ws516ejb766e,ORD-20260210-0001,ALBUM,TAXABLE,19000.00,1900.00,5500.00,0.00,26400.00,0.00,26400.00,postpaid,unpaid,,REGISTERED,ORD-20260210-0001 매출,,system-backfill,,,2026-02-10 05:55:18.219,2026-02-10 05:55:18.219,
cmlg6srwr002drfse5sxh5akl,SL-20260210-029,2026-02-10 05:50:10.408,,cml5w4ssp0001v7vnm48qzlwz,풀로우,3072204670,cmlg6m6ef0007ws51vh4ne6qw,ORD-20260210-0002,ALBUM,TAXABLE,38000.00,3800.00,5500.00,0.00,47300.00,0.00,47300.00,postpaid,unpaid,,REGISTERED,ORD-20260210-0002 매출,,system-backfill,,,2026-02-10 05:55:18.22,2026-02-10 05:55:18.22,
cmlg6srws002grfse60ioimqy,SL-20260210-030,2026-02-10 05:50:10.429,,cml5w4ssp0001v7vnm48qzlwz,풀로우,3072204670,cmlg6m6f0000dws511mr6yc6k,ORD-20260210-0003,ALBUM,TAXABLE,42500.00,4250.00,5500.00,0.00,52250.00,0.00,52250.00,postpaid,unpaid,,REGISTERED,ORD-20260210-0003 매출,,system-backfill,,,2026-02-10 05:55:18.221,2026-02-10 05:55:18.221,
cmlg6srwv002jrfseyxb42bg3,SL-20260210-031,2026-02-10 05:50:10.448,,cml5w4ssp0001v7vnm48qzlwz,풀로우,3072204670,cmlg6m6fj000jws51y9f288of,ORD-20260210-0004,ALBUM,TAXABLE,80000.00,8000.00,5500.00,0.00,93500.00,0.00,93500.00,postpaid,unpaid,,REGISTERED,ORD-20260210-0004 매출,,system-backfill,,,2026-02-10 05:55:18.223,2026-02-10 05:55:18.223,
cmlg6srww002mrfsev6cnoduy,SL-20260210-032,2026-02-10 05:50:10.467,2026-02-10 07:29:33.33,cml5w4ssp0001v7vnm48qzlwz,풀로우,3072204670,cmlg6m6g3000pws51na8ajy3z,ORD-20260210-0005,ALBUM,TAXABLE,19000.00,1900.00,5500.00,0.00,26400.00,0.00,26400.00,postpaid,unpaid,,CONFIRMED,ORD-20260210-0005 매출,,system-backfill,system,2026-02-10 07:29:33.33,2026-02-10 05:55:18.224,2026-02-10 07:29:33.331,
cmlgangqh0007m4ui3mtv9dpj,SL-20260210-034,2026-02-10 07:43:08.92,,cml5w4ssp0001v7vnm48qzlwz,풀로우,3072204670,cmlgangpx0001m4uirrrzloi5,ORD-20260210-0007,ALBUM,TAXABLE,21800.00,2180.00,5500.00,0.00,29480.00,0.00,29480.00,postpaid,unpaid,,REGISTERED,ORD-20260210-0007 매출,,cml5w4ssp0001v7vnm48qzlwz,,,2026-02-10 07:43:08.922,2026-02-10 07:43:08.922,
cmlgangri000pm4uitcqp9s9w,SL-20260210-036,2026-02-10 07:43:08.958,,cml5w4ssp0001v7vnm48qzlwz,풀로우,3072204670,cmlgangrc000jm4uiisnf9uxu,ORD-20260210-0009,ALBUM,TAXABLE,38000.00,3800.00,5500.00,0.00,47300.00,0.00,47300.00,postpaid,unpaid,,REGISTERED,ORD-20260210-0009 매출,,cml5w4ssp0001v7vnm48qzlwz,,,2026-02-10 07:43:08.959,2026-02-10 07:43:08.959,
cmlgangse000ym4uik98u2q2y,SL-20260210-037,2026-02-10 07:43:08.989,,cml5w4ssp0001v7vnm48qzlwz,풀로우,3072204670,cmlgangs6000sm4ui7713no16,ORD-20260210-0010,ALBUM,TAXABLE,20400.00,2040.00,5500.00,0.00,27940.00,0.00,27940.00,postpaid,unpaid,,REGISTERED,ORD-20260210-0010 매출,,cml5w4ssp0001v7vnm48qzlwz,,,2026-02-10 07:43:08.99,2026-02-10 07:43:08.99,
cmlhmuxno000q66cxznz882mv,SL-20260211-001,2026-02-11 06:12:39.011,,cmlc48lcw00017cvnisoyrvqk,로앤코코,"",cmlhmuxld000266cxcumoi7da,ORD-20260211-0001,ALBUM,TAXABLE,18400.00,1840.00,5500.00,0.00,25740.00,0.00,25740.00,postpaid,unpaid,,REGISTERED,ORD-20260211-0001 매출,,cmlc48lcw00017cvnisoyrvqk,,,2026-02-11 06:12:39.012,2026-02-11 06:12:39.012,
cmlhmuxo5000z66cxpfnfqrf2,SL-20260211-002,2026-02-11 06:12:39.029,,cmlc48lcw00017cvnisoyrvqk,로앤코코,"",cmlhmuxm7000866cx399x0agh,ORD-20260211-0002,ALBUM,TAXABLE,19800.00,1980.00,5500.00,0.00,27280.00,0.00,27280.00,postpaid,unpaid,,REGISTERED,ORD-20260211-0002 매출,,cmlc48lcw00017cvnisoyrvqk,,,2026-02-11 06:12:39.03,2026-02-11 06:12:39.03,
cmlhmuxoq001b66cxh1a6fwl9,SL-20260211-003,2026-02-11 06:12:39.049,,cmlc48lcw00017cvnisoyrvqk,로앤코코,"",cmlhmuxms000e66cx3n1svxox,ORD-20260211-0003,ALBUM,TAXABLE,17000.00,1700.00,5500.00,0.00,24200.00,0.00,24200.00,postpaid,unpaid,,REGISTERED,ORD-20260211-0003 매출,,cmlc48lcw00017cvnisoyrvqk,,,2026-02-11 06:12:39.05,2026-02-11 06:12:39.05,
cmlhmuxpa001j66cxudewdw70,SL-20260211-004,2026-02-11 06:12:39.069,,cmlc48lcw00017cvnisoyrvqk,로앤코코,"",cmlhmuxnc000k66cx75945m0b,ORD-20260211-0004,ALBUM,TAXABLE,51500.00,5150.00,5500.00,0.00,62150.00,0.00,62150.00,postpaid,unpaid,,REGISTERED,ORD-20260211-0004 매출,,cmlc48lcw00017cvnisoyrvqk,,,2026-02-11 06:12:39.07,2026-02-11 06:12:39.07,
cmliskdmx0007nmb0dpnu91a7,SL-20260212-001,2026-02-12 01:40:10.376,,cmlc48lcw00017cvnisoyrvqk,로앤코코,"",cmliskdm90001nmb03y3p68m3,ORD-20260212-0001,ALBUM,TAXABLE,22600.00,2260.00,5500.00,0.00,30360.00,0.00,30360.00,postpaid,unpaid,,REGISTERED,ORD-20260212-0001 매출,,cmlc48lcw00017cvnisoyrvqk,,,2026-02-12 01:40:10.377,2026-02-12 01:40:10.377,
cmliskdnu000gnmb0ipdftajg,SL-20260212-002,2026-02-12 01:40:10.409,,cmlc48lcw00017cvnisoyrvqk,로앤코코,"",cmliskdnm000anmb0318edlrr,ORD-20260212-0002,ALBUM,TAXABLE,21200.00,2120.00,5500.00,0.00,28820.00,0.00,28820.00,postpaid,unpaid,,REGISTERED,ORD-20260212-0002 매출,,cmlc48lcw00017cvnisoyrvqk,,,2026-02-12 01:40:10.41,2026-02-12 01:40:10.41,
cmliu5jy50017ncs93vjaso1z,SL-20260212-003,2026-02-12 02:24:37.948,,cmlc48lcw00017cvnisoyrvqk,로앤코코,"",cmliu5jst0001ncs98t8mffih,ORD-20260212-0003,ALBUM,TAXABLE,54000.00,5400.00,5500.00,0.00,64900.00,0.00,64900.00,postpaid,unpaid,,REGISTERED,ORD-20260212-0003 매출,,cmlc48lcw00017cvnisoyrvqk,,,2026-02-12 02:24:37.95,2026-02-12 02:24:37.95,
cmliu5k030022ncs9evk2uan4,SL-20260212-004,2026-02-12 02:24:38.018,,cmlc48lcw00017cvnisoyrvqk,로앤코코,"",cmliu5jy8001ancs9qtts0akd,ORD-20260212-0004,ALBUM,TAXABLE,34400.00,3440.00,5500.00,0.00,43340.00,0.00,43340.00,postpaid,unpaid,,REGISTERED,ORD-20260212-0004 매출,,cmlc48lcw00017cvnisoyrvqk,,,2026-02-12 02:24:38.019,2026-02-12 02:24:38.019,
cmliu5k26002mncs90m34hm8w,SL-20260212-005,2026-02-12 02:24:38.093,,cmlc48lcw00017cvnisoyrvqk,로앤코코,"",cmliu5k1c0025ncs9l67cx4uf,ORD-20260212-0005,ALBUM,TAXABLE,19000.00,1900.00,5500.00,0.00,26400.00,0.00,26400.00,postpaid,unpaid,,REGISTERED,ORD-20260212-0005 매출,,cmlc48lcw00017cvnisoyrvqk,,,2026-02-12 02:24:38.094,2026-02-12 02:24:38.094,
cmliv3yrn003dncs9iik0bpe5,SL-20260212-006,2026-02-12 02:51:23.458,,cmkg8vzuf0000at5m0dyaydie,네이버사용자,포토미,cmliv3yod002rncs9xy4bylg4,ORD-20260212-0006,ALBUM,TAXABLE,26000.00,2600.00,5500.00,0.00,34100.00,0.00,34100.00,postpaid,unpaid,,REGISTERED,ORD-20260212-0006 매출,,cml63cj8d000610fc52rxd1r8,,,2026-02-12 02:51:23.46,2026-02-12 02:51:23.46,
cmlix17s0000rrzu19ggpibjw,SL-20260212-007,2026-02-12 03:45:14.4,,cmkg8vzuf0000at5m0dyaydie,네이버사용자,포토미,cmlix17ol0001rzu14zdkqijq,ORD-20260212-0007,ALBUM,TAXABLE,26800.00,2680.00,5500.00,0.00,34980.00,0.00,34980.00,postpaid,unpaid,,REGISTERED,ORD-20260212-0007 매출,,cml63cj8d000610fc52rxd1r8,,,2026-02-12 03:45:14.401,2026-02-12 03:45:14.401,
cmlj0eax9000skqejzzehd8gz,SL-20260212-008,2026-02-12 05:19:23.853,,cmkg8vzuf0000at5m0dyaydie,네이버사용자,포토미,cmlj0eatm0003kqejqust11ek,ORD-20260212-0008,ALBUM,TAXABLE,30500.00,3050.00,5500.00,0.00,39050.00,0.00,39050.00,postpaid,unpaid,,REGISTERED,ORD-20260212-0008 매출,,cmkg8vzuf0000at5m0dyaydie,,,2026-02-12 05:19:23.854,2026-02-12 05:19:23.854,
cmlkdvcv6000ixibg6r23jipo,SL-20260213-001,2026-02-13 04:24:20.705,,cmlc48lcw00017cvnisoyrvqk,로앤코코,"",cmlkdvct40001xibg6m0xy7uv,ORD-20260213-0001,ALBUM,TAXABLE,17000.00,1700.00,5500.00,0.00,24200.00,0.00,24200.00,postpaid,unpaid,,REGISTERED,ORD-20260213-0001 매출,,cmlc48lcw00017cvnisoyrvqk,,,2026-02-13 04:24:20.706,2026-02-13 04:24:20.706,
cmlke13ez0019xibgt1exlwek,SL-20260213-002,2026-02-13 04:28:48.394,,cmlc48lcw00017cvnisoyrvqk,로앤코코,"",cmlke13aq000nxibgpmig7b9g,ORD-20260213-0002,ALBUM,TAXABLE,21200.00,2120.00,5500.00,0.00,28820.00,0.00,28820.00,postpaid,unpaid,,REGISTERED,ORD-20260213-0002 매출,,cmlc48lcw00017cvnisoyrvqk,,,2026-02-13 04:28:48.396,2026-02-13 04:28:48.396,
cmlg90nw3000712pqrki62km0,SL-20260210-033,2026-02-10 06:57:25.49,,cmkg8vzuf0000at5m0dyaydie,네이버사용자,포토미,cmlg90nty000112pqw0m5p6nd,ORD-20260210-0006,ALBUM,TAXABLE,10000.00,1000.00,3000.00,0.00,14000.00,0.00,0.00,postpaid,unpaid,,CANCELLED,ORD-20260210-0006 매출,,cml63cj8d000610fc52rxd1r8,,,2026-02-10 06:57:25.491,2026-02-10 06:57:25.491,
cmlkeacw6001cxibgzjrnrpvp,SL-20260213-003,2026-02-13 04:36:00.581,,cmlc48lcw00017cvnisoyrvqk,로앤코코,"",cmlhmuxnx000t66cx94ogl2pk,ORD-20260211-0005,ALBUM,TAXABLE,15000.00,1500.00,5500.00,0.00,22000.00,0.00,22000.00,postpaid,unpaid,,REGISTERED,ORD-20260211-0005 매출,,system-backfill,,,2026-02-13 04:36:00.582,2026-02-13 04:36:00.582,
cmlkeacwj001fxibg7wud540d,SL-20260213-004,2026-02-13 04:36:00.594,,cmlc48lcw00017cvnisoyrvqk,로앤코코,"",cmlhmuxoj001566cx8eyurt5r,ORD-20260211-0006,ALBUM,TAXABLE,15400.00,1540.00,5500.00,0.00,22440.00,0.00,22440.00,postpaid,unpaid,,REGISTERED,ORD-20260211-0006 매출,,system-backfill,,,2026-02-13 04:36:00.595,2026-02-13 04:36:00.595,
cmlunfo8e0022lhkvl1jigipl,SL-20260220-008,2026-02-20 08:49:46.861,,cmlc48lcw00017cvnisoyrvqk,로앤코코,"",cmlunfo4i0014lhkvplv4ey8l,260220-008,ALBUM,TAXABLE,44500.00,4450.00,5500.00,0.00,54450.00,0.00,0.00,postpaid,unpaid,,CANCELLED,"에히오르 압축앨범 - 한태호,최완정 (25.5.17옥수동) S-50P(합본)+W미니북(810)2권",,cmlc48lcw00017cvnisoyrvqk,,,2026-02-20 08:49:46.862,2026-02-20 09:12:04.803,cml63cj8d000610fc52rxd1r8
cmlunconw0010lhkvjnni46zi,SL-20260220-007,2026-02-20 08:47:27.451,,cmlc48lcw00017cvnisoyrvqk,로앤코코,"",cmluncomc0002lhkvqka525st,260220-007,ALBUM,TAXABLE,44500.00,4450.00,5500.00,0.00,54450.00,0.00,0.00,postpaid,unpaid,,CANCELLED,"에히오르 압축앨범 - 김백준,김단비 (25.9.27 논현2동) S-50P(합본)+W미니북(810)2권",,cmlc48lcw00017cvnisoyrvqk,,,2026-02-20 08:47:27.452,2026-02-20 09:13:33.776,cml63cj8d000610fc52rxd1r8
cmluqbz5u001vn04h5u683ynt,SL-20260220-011,2026-02-20 10:10:53.249,,cmlc48lcw00017cvnisoyrvqk,로앤코코,"",cmluqbz490002n04hkttw8vcl,260220-011,ALBUM,TAXABLE,44500.00,4450.00,5500.00,0.00,54450.00,0.00,54450.00,postpaid,unpaid,,REGISTERED,"에히오르 압축앨범 - ★지급★김윤재,양희정 (25.6.28 역삼성당 ) S-50P(합본)+W미니북(810)2권",,cml63cj8d000610fc52rxd1r8,,,2026-02-20 10:10:53.25,2026-02-20 10:10:53.25,cml63cj8d000610fc52rxd1r8
cmlur5t9u004in04hpyomrolb,SL-20260220-015,2026-02-20 10:34:05.297,,cmlc48lcw00017cvnisoyrvqk,로앤코코,"",cmlur5t6s003tn04hud3tt493,260220-015,ALBUM,TAXABLE,23200.00,2320.00,5500.00,0.00,31020.00,0.00,31020.00,postpaid,unpaid,,REGISTERED,에히오르 압축앨범 - 김지예 - 김지예_11x15_26p,,cmlc48lcw00017cvnisoyrvqk,,,2026-02-20 10:34:05.298,2026-02-20 10:34:05.298,cml63cj8d000610fc52rxd1r8
cmlume7pk001elsaqzu55rssk,SL-20260220-005,2026-02-20 08:20:39.175,,cmlc48lcw00017cvnisoyrvqk,로앤코코,"",cmlume7p8000plsaq3n3uhupe,260220-005,ALBUM,TAXABLE,29400.00,2940.00,5500.00,38500.00,0.00,0.00,0.00,postpaid,unpaid,,REGISTERED,"에히오르 압축앨범 - 2-20250929 - (KR2025136) - Jeju Studio 18 - Fok Ching Man, Hou King Hei - HK-32P-樣2 (11×8.6인치)",,cmlc48lcw00017cvnisoyrvqk,,,2026-02-20 08:20:39.176,2026-02-20 12:45:37.593,cml63cj8d000610fc52rxd1r8
cmluo5zjk004flhkv9oev8vn1,SL-20260220-010,2026-02-20 09:10:14.575,,cmlc48lcw00017cvnisoyrvqk,로앤코코,"",cmluo5zi7003jlhkvawsvz9cn,260220-010,ALBUM,TAXABLE,44500.00,4450.00,5500.00,38500.00,15950.00,0.00,15950.00,postpaid,unpaid,,REGISTERED,"에히오르 압축앨범 - ★지급★김윤재,양희정 (25.6.28 역삼성당 ) S-50P(합본)+W미니북(810)2권",,cmlc48lcw00017cvnisoyrvqk,,,2026-02-20 09:10:14.576,2026-02-20 12:45:37.624,cml63cj8d000610fc52rxd1r8
cmluslriq0046bog72vmolyd4,SL-20260220-016,2026-02-20 11:14:29.137,,cmlc48lcw00017cvnisoyrvqk,로앤코코,"",cmluslri1003obog7b1qu1ln0,260220-019,ALBUM,TAXABLE,21800.00,2180.00,5500.00,38500.00,0.00,0.00,0.00,postpaid,unpaid,,REGISTERED,에히오르 압축앨범 - 260315[조윤교]고종하 장효영_24p 좌시우끝,,cmlc48lcw00017cvnisoyrvqk,,,2026-02-20 11:14:29.138,2026-02-20 12:45:37.656,cml63cj8d000610fc52rxd1r8
cmluqbz85002ln04hr3st6n22,SL-20260220-013,2026-02-20 10:10:53.332,,cmlc48lcw00017cvnisoyrvqk,로앤코코,"",cmluqbz5t000zn04he5f3j1fo,260220-012,ALBUM,TAXABLE,42000.00,4200.00,5500.00,38500.00,13200.00,0.00,13200.00,postpaid,unpaid,,REGISTERED,"에히오르 압축앨범 - ★지급★김윤재,양희정 (25.6.28 역삼성당 ) S-50P(합본)+W미니북(810)2권 (7×5.5인치)",,cml63cj8d000610fc52rxd1r8,,,2026-02-20 10:10:53.333,2026-02-20 12:45:37.649,cml63cj8d000610fc52rxd1r8
cmluqbz6y002gn04h1dnofjzw,SL-20260220-012,2026-02-20 10:10:53.289,,cmlc48lcw00017cvnisoyrvqk,로앤코코,"",cmluqbz69001zn04hdqew5qgp,260220-013,ALBUM,TAXABLE,19000.00,1900.00,5500.00,38500.00,0.00,0.00,0.00,postpaid,unpaid,,REGISTERED,에히오르 압축앨범 - ★지급_김선재 - 김선재_11x15_20p,,cml63cj8d000610fc52rxd1r8,,,2026-02-20 10:10:53.29,2026-02-20 12:45:37.627,cml63cj8d000610fc52rxd1r8
cmluo3kuw003flhkv82hzy4wu,SL-20260220-009,2026-02-20 09:08:22.232,,cmlc48lcw00017cvnisoyrvqk,로앤코코,"",cmluo3kr8002hlhkvndbtt54t,260220-009,ALBUM,TAXABLE,44500.00,4450.00,5500.00,38500.00,15950.00,0.00,15950.00,postpaid,unpaid,,REGISTERED,"에히오르 압축앨범 - 양우일,윤정미 (25.9.13 옥수동성당 ) S-50P(합본)+W미니북(810)2권",,cmlc48lcw00017cvnisoyrvqk,,,2026-02-20 09:08:22.233,2026-02-20 12:45:37.641,cml63cj8d000610fc52rxd1r8
cmluslrji004ubog7cwt72muh,SL-20260220-017,2026-02-20 11:14:29.165,,cmlc48lcw00017cvnisoyrvqk,로앤코코,"",cmluslrit004abog73p01hw8p,260220-020,ALBUM,TAXABLE,20400.00,2040.00,5500.00,38500.00,0.00,0.00,0.00,postpaid,unpaid,,REGISTERED,에히오르 압축앨범 - 260315[43]서인철 민수인_22p 좌시우끝,,cmlc48lcw00017cvnisoyrvqk,,,2026-02-20 11:14:29.166,2026-02-20 12:45:37.659,cml63cj8d000610fc52rxd1r8
cmlulmxjr002in0en11laykff,SL-20260220-001,2026-02-20 07:59:26.294,,cmlc48lcw00017cvnisoyrvqk,로앤코코,"",cmlulmxel000gn0enx5y2sxq0,260220-001,ALBUM,TAXABLE,31000.00,3100.00,5500.00,38500.00,1100.00,0.00,1100.00,postpaid,unpaid,,REGISTERED,"에히오르 압축앨범 - 2-20250929 - (KR2025136) - Jeju Studio 18 - Fok Ching Man, Hou King Hei - HK-32P-樣2",,cml63cj8d000610fc52rxd1r8,,,2026-02-20 07:59:26.295,2026-02-20 12:45:37.609,cml63cj8d000610fc52rxd1r8
cmlulmxmo002on0enh6zytlte,SL-20260220-003,2026-02-20 07:59:26.399,,cmlc48lcw00017cvnisoyrvqk,로앤코코,"",cmlulmxip001sn0enphh5nnln,260220-003,ALBUM,TAXABLE,64400.00,6440.00,5500.00,38500.00,37840.00,0.00,37840.00,postpaid,unpaid,,REGISTERED,"에히오르 압축앨범 - (대만팀)16-20251001 - (KR2025281) - Jeju Studio 16 - Wu Yi Ju, Cheng Hung Ming - TW-36P-樣2 (11×8.6인치)",,cml63cj8d000610fc52rxd1r8,,,2026-02-20 07:59:26.401,2026-02-20 12:45:37.601,cml63cj8d000610fc52rxd1r8
cmlume7pa001blsaq30a4hd6z,SL-20260220-004,2026-02-20 08:20:39.164,,cmlc48lcw00017cvnisoyrvqk,로앤코코,"",cmlume7nz0002lsaq096lqbik,260220-004,ALBUM,TAXABLE,31000.00,3100.00,5500.00,38500.00,1100.00,0.00,1100.00,postpaid,unpaid,,REGISTERED,"에히오르 압축앨범 - 2-20250929 - (KR2025136) - Jeju Studio 18 - Fok Ching Man, Hou King Hei - HK-32P-樣2",,cmlc48lcw00017cvnisoyrvqk,,,2026-02-20 08:20:39.166,2026-02-20 12:45:37.597,cml63cj8d000610fc52rxd1r8
cmlulmxm6002ln0enna0q0lav,SL-20260220-002,2026-02-20 07:59:26.381,,cmlc48lcw00017cvnisoyrvqk,로앤코코,"",cmlulmxgu0013n0envcpsr1xn,260220-002,ALBUM,TAXABLE,34000.00,3400.00,5500.00,38500.00,4400.00,0.00,4400.00,postpaid,unpaid,,REGISTERED,"에히오르 압축앨범 - (대만팀)16-20251001 - (KR2025281) - Jeju Studio 16 - Wu Yi Ju, Cheng Hung Ming - TW-36P-樣2",,cml63cj8d000610fc52rxd1r8,,,2026-02-20 07:59:26.383,2026-02-20 12:45:37.605,cml63cj8d000610fc52rxd1r8
cmlur5t94004fn04h9i4m4bgb,SL-20260220-014,2026-02-20 10:34:05.271,,cmlc48lcw00017cvnisoyrvqk,로앤코코,"",cmlur5t4u0037n04ho0hjlx67,260220-014,ALBUM,TAXABLE,24600.00,2460.00,5500.00,38500.00,0.00,0.00,0.00,postpaid,unpaid,,REGISTERED,에히오르 압축앨범 - 허지영 - 허지영_11x15_28p,,cmlc48lcw00017cvnisoyrvqk,,,2026-02-20 10:34:05.272,2026-02-20 12:45:37.616,cml63cj8d000610fc52rxd1r8
cmlut7dno001icxxr0mta1jzo,SL-20260220-020,2026-02-20 11:31:17.603,,cmlc48lcw00017cvnisoyrvqk,로앤코코,"",cmlut7dkj000rcxxr7foxdlaa,260220-022,ALBUM,TAXABLE,27500.00,2750.00,5500.00,38500.00,0.00,0.00,0.00,postpaid,unpaid,,REGISTERED,에히오르 압축앨범 - 2026.01.17 이재용 송혜린_원판스냅_스냅1권_미니2권,,cmlc48lcw00017cvnisoyrvqk,,,2026-02-20 11:31:17.604,2026-02-20 12:45:37.663,cml63cj8d000610fc52rxd1r8
cmluv2o3v002kip48b19ep372,SL-20260220-022,2026-02-20 12:23:37.098,,cmlc48lcw00017cvnisoyrvqk,로앤코코,"",cmluv2o0d001vip48pgt6620h,260220-024,ALBUM,TAXABLE,32500.00,3250.00,5500.00,33000.00,8250.00,0.00,8250.00,postpaid,unpaid,,REGISTERED,"에히오르 압축앨범 - 15-20250604 - (KR2024231) - Jeju Studio 18B - Lee Yee Ki, Yung Kai Chung - HK-34P-樣2",,cmlc48lcw00017cvnisoyrvqk,,,2026-02-20 12:23:37.099,2026-02-20 12:45:37.666,cml63cj8d000610fc52rxd1r8
cmluwzzz0000zes3r4d2hav8e,SL-20260220-028,2026-02-20 13:17:31.739,,cmlc48lcw00017cvnisoyrvqk,로앤코코,"",cmluwzzvd0005es3robpeuma6,260220-030,ALBUM,TAXABLE,34400.00,3440.00,0.00,0.00,-72160.00,0.00,-72160.00,postpaid,unpaid,,REGISTERED,에히오르 압축앨범 - 이승재 남경랑 41p (여백 1p포함 총 42p) 기덕s (유리구두)- [뉴피아],,cmlc48lcw00017cvnisoyrvqk,,,2026-02-20 13:17:31.74,2026-02-20 13:17:31.74,cml63cj8d000610fc52rxd1r8
cmlux3cr2001pes3rdg15jjyd,SL-20260220-029,2026-02-20 13:20:08.27,,cmlc48lcw00017cvnisoyrvqk,로앤코코,"",cmlux3cpx0016es3r84zvkhyk,260220-031,ALBUM,TAXABLE,19000.00,1900.00,0.00,0.00,-89100.00,0.00,-89100.00,postpaid,unpaid,,REGISTERED,에히오르 압축앨범 - 최현우 이지영 20p 기덕s (앨리브라이덜)- [뉴피아],,cmlc48lcw00017cvnisoyrvqk,,,2026-02-20 13:20:08.271,2026-02-20 13:20:08.271,cml63cj8d000610fc52rxd1r8
cmluv7pq8004dip48ebz9xu96,SL-20260220-023,2026-02-20 12:27:32.478,,cmlc48lcw00017cvnisoyrvqk,로앤코코,"",cmluv7pon003oip48kcctzfvq,260220-025,ALBUM,TAXABLE,32500.00,3250.00,5500.00,27500.00,13750.00,0.00,13750.00,postpaid,unpaid,,REGISTERED,"에히오르 압축앨범 - 1-20251014 - (KR2024293) - Jeju Studio 18 (B) - Ho Ka Man, Poon Ho Wing - HK-34P-樣1",,cmlc48lcw00017cvnisoyrvqk,,,2026-02-20 12:27:32.48,2026-02-20 12:45:37.669,cml63cj8d000610fc52rxd1r8
cmluum7nt000tip485gxepyl3,SL-20260220-021,2026-02-20 12:10:49.288,,cmlc48lcw00017cvnisoyrvqk,로앤코코,"",cmluum7kj0004ip48nx841wfc,260220-023,ALBUM,TAXABLE,32500.00,3250.00,5500.00,38500.00,2750.00,0.00,2750.00,postpaid,unpaid,,REGISTERED,"에히오르 압축앨범 - 1-20251014 - (KR2024293) - Jeju Studio 18 (B) - Ho Ka Man, Poon Ho Wing - HK-34P-樣1",,cmlc48lcw00017cvnisoyrvqk,,,2026-02-20 12:10:49.29,2026-02-20 12:45:37.673,cml63cj8d000610fc52rxd1r8
cmlun280d00101tt9pxv70rrd,SL-20260220-006,2026-02-20 08:39:19.309,,cmlc48lcw00017cvnisoyrvqk,로앤코코,"",cmlun27yb00021tt9sjcumln9,260220-006,ALBUM,TAXABLE,44500.00,4450.00,5500.00,38500.00,15950.00,0.00,15950.00,postpaid,unpaid,,REGISTERED,"에히오르 압축앨범 - ★지급★김윤재,양희정 (25.6.28 역삼성당 ) S-50P(합본)+W미니북(810)2권",,cmlc48lcw00017cvnisoyrvqk,,,2026-02-20 08:39:19.31,2026-02-20 12:45:37.613,cml63cj8d000610fc52rxd1r8
cmluvcowd006dip48y80ll71m,SL-20260220-024,2026-02-20 12:31:24.684,,cmlc48lcw00017cvnisoyrvqk,로앤코코,"",cmluvcosu005jip481b657pez,260220-026,ALBUM,TAXABLE,40000.00,4000.00,5500.00,22000.00,27500.00,0.00,27500.00,postpaid,unpaid,,REGISTERED,"에히오르 압축앨범 - 3-20251023 - (KR2025214) - Jeju Studio 18(B) - Lau Hiu Lo, Chan Sze Kwun - HK-44P-樣2",,cml63cj8d000610fc52rxd1r8,,,2026-02-20 12:31:24.686,2026-02-20 12:45:37.62,cml63cj8d000610fc52rxd1r8
cmluvuyzq00cfip48uimhjcl3,SL-20260220-027,2026-02-20 12:45:37.572,,cmlc48lcw00017cvnisoyrvqk,로앤코코,"",cmluvuywm00bsip48g76b4669,260220-029,ALBUM,TAXABLE,24600.00,2460.00,5500.00,5500.00,27060.00,0.00,0.00,postpaid,unpaid,,CANCELLED,에히오르 압축앨범 - 황준원 김정옥 28p 기덕s (블랑해리)- [뉴피아],,cmlc48lcw00017cvnisoyrvqk,,,2026-02-20 12:45:37.574,2026-02-20 13:08:42.968,cml63cj8d000610fc52rxd1r8
cmluy78ed000p9dgngoqjmfip,SL-20260220-030,2026-02-20 13:51:08.868,,cmlc48lcw00017cvnisoyrvqk,로앤코코,"",cmluy77wi00029dgn4jvw2jzw,260220-032,ALBUM,TAXABLE,24600.00,2460.00,0.00,0.00,27060.00,0.00,27060.00,postpaid,unpaid,,REGISTERED,에히오르 압축앨범 - 이문수 모리오카리오 27p 애리 (클라라) [뉴피아],,cmlc48lcw00017cvnisoyrvqk,,,2026-02-20 13:51:08.869,2026-02-20 13:51:08.869,cml63cj8d000610fc52rxd1r8
cmlut7dm8001fcxxrysb9nfm2,SL-20260220-019,2026-02-20 11:31:17.551,,cmlc48lcw00017cvnisoyrvqk,로앤코코,"",cmlut7diu0004cxxrb9x3jpus,260220-021,ALBUM,TAXABLE,27500.00,2750.00,5500.00,38500.00,0.00,0.00,0.00,postpaid,unpaid,,REGISTERED,에히오르 압축앨범 - 2025.11.01 안재영 심효정_원판스냅_스냅1권,,cmlc48lcw00017cvnisoyrvqk,,,2026-02-20 11:31:17.552,2026-02-20 12:45:37.634,cml63cj8d000610fc52rxd1r8
cmlykr6fk003blpoa84fsiq4p,SL-20260223-001,2026-02-23 02:45:49.518,,cmkg8vzuf0000at5m0dyaydie,네이버사용자,포토미,cmlykr5o8002olpoamcsqpoty,260223-001,ALBUM,TAXABLE,32500.00,3250.00,5500.00,0.00,41250.00,0.00,41250.00,postpaid,unpaid,,REGISTERED,"아티젠 - 14-20250611 - (KR2025160) - Jeju Studio 17 - Ng Kwan Sin, To Hoi Kit - HK-34P-樣1",,cmkg8vzuf0000at5m0dyaydie,,,2026-02-23 02:45:49.52,2026-02-23 02:45:49.52,
cmluvqpz400agip48tz8bldxj,SL-20260220-026,2026-02-20 12:42:19.264,,cmlc48lcw00017cvnisoyrvqk,로앤코코,"",cmluvqpxk009sip483h55ol1x,260220-028,ALBUM,TAXABLE,26000.00,2600.00,5500.00,-104500.00,138600.00,0.00,0.00,postpaid,unpaid,,CANCELLED,에히오르 압축앨범 - (251012) 조남용 김미진 30p (더블트리)-1 [뉴피아]-이빈,,cmlc48lcw00017cvnisoyrvqk,,,2026-02-20 12:42:19.265,2026-02-20 13:08:48.987,cml63cj8d000610fc52rxd1r8
cmlylabot003xlpoa0wm9f3yh,SL-20260223-002,2026-02-23 03:00:42.796,,cmkg8vzuf0000at5m0dyaydie,네이버사용자,포토미,cmlylaba5003hlpoawr1jo9q2,260223-002,ALBUM,TAXABLE,11000.00,1100.00,0.00,0.00,12100.00,0.00,12100.00,postpaid,unpaid,,REGISTERED,아티젠 - 팔사진관_잉크젯_811_10_박은혜,,cmkg8vzuf0000at5m0dyaydie,,,2026-02-23 03:00:42.798,2026-02-23 03:00:42.798,
cmlylac1i004nlpoazvkcalyr,SL-20260223-003,2026-02-23 03:00:43.253,,cmkg8vzuf0000at5m0dyaydie,네이버사용자,포토미,cmlylabpm0047lpoa5pkewr4s,260223-003,ALBUM,TAXABLE,11000.00,1100.00,0.00,0.00,12100.00,0.00,12100.00,postpaid,unpaid,,REGISTERED,아티젠 - 팔사진관_잉크젯_811_10_김현겸,,cmkg8vzuf0000at5m0dyaydie,,,2026-02-23 03:00:43.255,2026-02-23 03:00:43.255,
cmluslrk7004zbog7vsoodcxk,SL-20260220-018,2026-02-20 11:14:29.19,,cmlc48lcw00017cvnisoyrvqk,로앤코코,"",cmluslrh90036bog7690q90tf,260220-018,ALBUM,TAXABLE,20400.00,2040.00,5500.00,38500.00,0.00,0.00,0.00,postpaid,unpaid,,REGISTERED,에히오르 압축앨범 - 리마인드[43]이광배 송지영_22p 좌시우끝,,cmlc48lcw00017cvnisoyrvqk,,,2026-02-20 11:14:29.191,2026-02-20 12:45:37.652,cml63cj8d000610fc52rxd1r8
cmluvkjof008iip48uy66sqz2,SL-20260220-025,2026-02-20 12:37:31.166,,cmlc48lcw00017cvnisoyrvqk,로앤코코,"",cmluvkjlc007wip487xorjf8y,260220-027,ALBUM,TAXABLE,28000.00,2800.00,5500.00,-93500.00,129800.00,0.00,0.00,postpaid,unpaid,,CANCELLED,"에히오르 압축앨범 - 11-20251116 - (KR2025261) - Jeju Studio 23 - Tsang Ying Ngan, Pang Ho Yin Alex - HK-28P-樣2",,cmlc48lcw00017cvnisoyrvqk,,,2026-02-20 12:37:31.167,2026-02-20 13:08:53.73,cml63cj8d000610fc52rxd1r8
cmlylacdv005dlpoaxcbkf22v,SL-20260223-004,2026-02-23 03:00:43.698,,cmkg8vzuf0000at5m0dyaydie,네이버사용자,포토미,cmlylac1y004xlpoaucpshxgb,260223-004,ALBUM,TAXABLE,11000.00,1100.00,0.00,0.00,12100.00,0.00,0.00,postpaid,unpaid,,CANCELLED,아티젠 - 팔사진관_잉크젯_811_10_유미,,cmkg8vzuf0000at5m0dyaydie,,,2026-02-23 03:00:43.699,2026-02-23 03:01:52.489,
cmlysbr0d000i101e76gq0imu,SL-20260223-005,2026-02-23 06:17:46.62,,cmlc48lcw00017cvnisoyrvqk,로앤코코,"",cmlysbqmh0002101ehkcl1grj,260223-005,ALBUM,TAXABLE,11000.00,1100.00,5500.00,0.00,17600.00,0.00,17600.00,postpaid,unpaid,,REGISTERED,아티젠 - 팔사진관_잉크젯_811_10_김세은,,cmlc48lcw00017cvnisoyrvqk,,,2026-02-23 06:17:46.621,2026-02-23 06:17:46.621,cml63cj8d000610fc52rxd1r8
cmlysbrdh0012101e5vg4k95s,SL-20260223-006,2026-02-23 06:17:47.093,,cmlc48lcw00017cvnisoyrvqk,로앤코코,"",cmlysbr12000m101e45y8q2u5,260223-006,ALBUM,TAXABLE,11000.00,1100.00,0.00,0.00,12100.00,0.00,12100.00,postpaid,unpaid,,REGISTERED,아티젠 - 팔사진관_잉크젯_811_10_김미려,,cmlc48lcw00017cvnisoyrvqk,,,2026-02-23 06:17:47.094,2026-02-23 06:17:47.094,cml63cj8d000610fc52rxd1r8
cmlysbrqu001s101eu9yk3qdv,SL-20260223-007,2026-02-23 06:17:47.574,,cmlc48lcw00017cvnisoyrvqk,로앤코코,"",cmlysbre4001c101eoufml1tx,260223-007,ALBUM,TAXABLE,11000.00,1100.00,0.00,0.00,12100.00,0.00,12100.00,postpaid,unpaid,,REGISTERED,아티젠 - 팔사진관_잉크젯_811_10_김미나,,cmlc48lcw00017cvnisoyrvqk,,,2026-02-23 06:17:47.575,2026-02-23 06:17:47.575,cml63cj8d000610fc52rxd1r8
cmlysbs35002i101exw0uk8l9,SL-20260223-008,2026-02-23 06:17:48.017,,cmlc48lcw00017cvnisoyrvqk,로앤코코,"",cmlysbrr90022101eypws9rtp,260223-008,ALBUM,TAXABLE,11000.00,1100.00,0.00,0.00,12100.00,0.00,12100.00,postpaid,unpaid,,REGISTERED,아티젠 - 팔사진관_잉크젯_811_10_강민주,,cmlc48lcw00017cvnisoyrvqk,,,2026-02-23 06:17:48.018,2026-02-23 06:17:48.018,cml63cj8d000610fc52rxd1r8
cmlysbsnm0038101e4yjq0fpe,SL-20260223-009,2026-02-23 06:17:48.753,,cmlc48lcw00017cvnisoyrvqk,로앤코코,"",cmlysbs3j002s101epure3lpo,260223-009,ALBUM,TAXABLE,11000.00,1100.00,0.00,0.00,12100.00,0.00,12100.00,postpaid,unpaid,,REGISTERED,아티젠 - 왼쪽페이지로시작_팔사진관_잉크젯_811_10_정하나,,cmlc48lcw00017cvnisoyrvqk,,,2026-02-23 06:17:48.754,2026-02-23 06:17:48.754,cml63cj8d000610fc52rxd1r8
cmlyskpiu0040101e69m39hfp,SL-20260223-010,2026-02-23 06:24:44.597,,cmlc48lcw00017cvnisoyrvqk,로앤코코,"",cmlyskoxt003k101e8zt2ev09,260223-010,ALBUM,TAXABLE,11000.00,1100.00,0.00,0.00,6600.00,0.00,6600.00,postpaid,unpaid,,REGISTERED,에히오르 압축앨범 - 팔사진관_잉크젯_811_10_정다혜,,cmlc48lcw00017cvnisoyrvqk,,,2026-02-23 06:24:44.598,2026-02-23 06:24:44.598,cml63cj8d000610fc52rxd1r8
cmlyskpz7004k101eia6lghu2,SL-20260223-011,2026-02-23 06:24:45.187,,cmlc48lcw00017cvnisoyrvqk,로앤코코,"",cmlyskpjd0044101eoprrzsc3,260223-011,ALBUM,TAXABLE,11000.00,1100.00,0.00,0.00,12100.00,0.00,12100.00,postpaid,unpaid,,REGISTERED,에히오르 압축앨범 - 팔사진관_잉크젯_811_10_전해진(추액),,cmlc48lcw00017cvnisoyrvqk,,,2026-02-23 06:24:45.188,2026-02-23 06:24:45.188,cml63cj8d000610fc52rxd1r8
cmlyskqdz005a101e1ghalxle,SL-20260223-012,2026-02-23 06:24:45.719,,cmlc48lcw00017cvnisoyrvqk,로앤코코,"",cmlyskpzo004u101er9quo9hq,260223-012,ALBUM,TAXABLE,11000.00,1100.00,0.00,0.00,12100.00,0.00,12100.00,postpaid,unpaid,,REGISTERED,에히오르 압축앨범 - 팔사진관_잉크젯_811_10_장란우,,cmlc48lcw00017cvnisoyrvqk,,,2026-02-23 06:24:45.719,2026-02-23 06:24:45.719,cml63cj8d000610fc52rxd1r8
cmlyskqyf0060101esmgvuxzq,SL-20260223-013,2026-02-23 06:24:46.455,,cmlc48lcw00017cvnisoyrvqk,로앤코코,"",cmlyskqee005k101e6gisw4r1,260223-013,ALBUM,TAXABLE,11000.00,1100.00,0.00,0.00,12100.00,0.00,12100.00,postpaid,unpaid,,REGISTERED,에히오르 압축앨범 - 팔사진관_잉크젯_811_10_이희영,,cmlc48lcw00017cvnisoyrvqk,,,2026-02-23 06:24:46.456,2026-02-23 06:24:46.456,cml63cj8d000610fc52rxd1r8
cmlyskrh5006q101eovtx54rh,SL-20260223-014,2026-02-23 06:24:47.129,,cmlc48lcw00017cvnisoyrvqk,로앤코코,"",cmlyskqyu006a101ewe2daypd,260223-014,ALBUM,TAXABLE,11000.00,1100.00,0.00,0.00,12100.00,0.00,12100.00,postpaid,unpaid,,REGISTERED,에히오르 압축앨범 - 팔사진관_잉크젯_811_10_이혜원,,cmlc48lcw00017cvnisoyrvqk,,,2026-02-23 06:24:47.13,2026-02-23 06:24:47.13,cml63cj8d000610fc52rxd1r8
cmlzw05b3000loaxd8don9scg,SL-20260224-001,2026-02-24 00:48:29.918,,cmlc48lcw00017cvnisoyrvqk,로앤코코,123-22-37686,cmlzw04q20003oaxd8bmpminr,260224-001,ALBUM,TAXABLE,21800.00,2180.00,5500.00,0.00,29480.00,0.00,29480.00,postpaid,unpaid,,REGISTERED,에히오르 압축앨범 - 260315[조윤교]고종하 장효영_24p 좌시우끝,,cmlc48lcw00017cvnisoyrvqk,,,2026-02-24 00:48:29.92,2026-02-24 00:48:29.92,cml63cj8d000610fc52rxd1r8
cmlzw05qh0016oaxdlxk9b0hf,SL-20260224-002,2026-02-24 00:48:30.472,,cmlc48lcw00017cvnisoyrvqk,로앤코코,123-22-37686,cmlzw05bx000poaxd64yceqe1,260224-002,ALBUM,TAXABLE,20400.00,2040.00,0.00,0.00,22440.00,0.00,0.00,postpaid,unpaid,,CANCELLED,에히오르 압축앨범 - 260315[43]서인철 민수인_22p 좌시우끝,,cmlc48lcw00017cvnisoyrvqk,,,2026-02-24 00:48:30.474,2026-02-24 00:52:19.466,cml63cj8d000610fc52rxd1r8
cmlzw067x001yoaxdxzgbkaqb,SL-20260224-003,2026-02-24 00:48:31.1,,cmlc48lcw00017cvnisoyrvqk,로앤코코,123-22-37686,cmlzw05r7001goaxdsokzglw2,260224-003,ALBUM,TAXABLE,21800.00,2180.00,0.00,0.00,23980.00,0.00,0.00,postpaid,unpaid,,CANCELLED,에히오르 압축앨범 - 260314[파티움]김무성 정은미_24p 좌시우끝,,cmlc48lcw00017cvnisoyrvqk,,,2026-02-24 00:48:31.101,2026-02-24 00:52:26.253,cml63cj8d000610fc52rxd1r8
cmlzw4jz1003boaxdpn62s2c2,SL-20260224-004,2026-02-24 00:51:55.548,,cmlc48lcw00017cvnisoyrvqk,로앤코코,123-22-37686,cmlzw4iuh002aoaxdf531n9jd,260224-004,ALBUM,TAXABLE,47000.00,4700.00,0.00,0.00,51700.00,0.00,51700.00,postpaid,unpaid,,REGISTERED,에히오르 압축앨범 - 메인앨범,,cmlc48lcw00017cvnisoyrvqk,,,2026-02-24 00:51:55.55,2026-02-24 00:52:26.261,cml63cj8d000610fc52rxd1r8
cmlzwljyy008boaxdr83giun8,SL-20260224-005,2026-02-24 01:05:08.697,,cmlc48lcw00017cvnisoyrvqk,로앤코코,123-22-37686,cmlzwljar007poaxdu2x234he,260224-005,ALBUM,TAXABLE,12600.00,1260.00,0.00,0.00,8360.00,0.00,8360.00,postpaid,unpaid,,REGISTERED,에히오르 압축앨범 - 권혁준,,cmlc48lcw00017cvnisoyrvqk,,,2026-02-24 01:05:08.698,2026-02-24 01:05:08.698,cml63cj8d000610fc52rxd1r8
cmlzwll9f009hoaxdumd39uet,SL-20260224-006,2026-02-24 01:05:10.371,,cmlc48lcw00017cvnisoyrvqk,로앤코코,123-22-37686,cmlzwljzm008foaxdyt9t072i,260224-006,ALBUM,TAXABLE,53500.00,5350.00,0.00,0.00,58850.00,0.00,58850.00,postpaid,unpaid,,REGISTERED,"에히오르 압축앨범 - 서혜린_화이트_9x12_왼시작_25p_1권_태리 - 올제본점 - 홍지훈,홍서현 (24.10.19역삼성당 ) S-62P(합본)+W미니북(810)2권",,cmlc48lcw00017cvnisoyrvqk,,,2026-02-24 01:05:10.372,2026-02-24 01:05:10.372,cml63cj8d000610fc52rxd1r8
cmm08sgoc000j11ueamzeqzy2,SL-20260224-007,2026-02-24 06:46:26.412,,cmlc48lcw00017cvnisoyrvqk,로앤코코,123-22-37686,cmm08sged000711uecobrw7mk,260224-007,ALBUM,TAXABLE,12000.00,1200.00,0.00,0.00,13200.00,0.00,13200.00,postpaid,unpaid,,REGISTERED,에히오르 압축앨범 - 250928메일셀렉 박태욱 이미선(섭)-60P+10P 2권 - 서브앨범,,cmlc48lcw00017cvnisoyrvqk,,,2026-02-24 06:46:26.412,2026-02-24 06:46:26.412,cml63cj8d000610fc52rxd1r8
cmm08shlk001u11uen2uewwtd,SL-20260224-008,2026-02-24 06:46:27.607,,cmlc48lcw00017cvnisoyrvqk,로앤코코,123-22-37686,cmm08sgp9000t11ue0twnxh7t,260224-008,ALBUM,TAXABLE,47000.00,4700.00,0.00,0.00,51700.00,0.00,51700.00,postpaid,unpaid,,REGISTERED,에히오르 압축앨범 - 250928메일셀렉 박태욱 이미선(섭)-60P+10P 2권 - 메인앨범,,cmlc48lcw00017cvnisoyrvqk,,,2026-02-24 06:46:27.608,2026-02-24 06:46:27.608,cml63cj8d000610fc52rxd1r8
c4668b01-38a2-4b4e-8cd4-96813286f0d9,SL-20260224-009,2026-02-24 16:10:06.536,,cmlc48lcw00017cvnisoyrvqk,로앤코코,123-22-37686,cmluslrf1001zbog7vetnh4df,260220-016,ALBUM,TAXABLE,23200.00,2320.00,0.00,0.00,25520.00,0.00,25520.00,postpaid,unpaid,,REGISTERED,에히오르 압축앨범 - 김지예 - 김지예_11x15_26p,,system-backfill,,,2026-02-24 16:10:06.536,2026-02-24 16:10:06.536,cml63cj8d000610fc52rxd1r8
7e69f4fc-0a85-4540-b401-5df639112df3,SL-20260224-010,2026-02-24 16:10:06.536,,cmlc48lcw00017cvnisoyrvqk,로앤코코,123-22-37686,cmluslrgc002kbog75owzuyjh,260220-017,ALBUM,TAXABLE,24600.00,2460.00,0.00,0.00,27060.00,0.00,27060.00,postpaid,unpaid,,REGISTERED,에히오르 압축앨범 - 허지영 - 허지영_11x15_28p,,system-backfill,,,2026-02-24 16:10:06.536,2026-02-24 16:10:06.536,cml63cj8d000610fc52rxd1r8
cmlgangqz000gm4uil69czo60,SL-20260210-035,2026-02-10 07:43:08.939,,cml5w4ssp0001v7vnm48qzlwz,풀로우,3072204670,cmlgangqs000am4uis9ruguwb,ORD-20260210-0008,ALBUM,TAXABLE,21800.00,2180.00,5500.00,0.00,29480.00,0.00,0.00,postpaid,unpaid,,CANCELLED,ORD-20260210-0008 매출,,cml5w4ssp0001v7vnm48qzlwz,,,2026-02-10 07:43:08.94,2026-02-10 07:43:08.94,
cmm0brqr9000q7egsvwa6aymt,SL-20260224-011,2026-02-24 08:09:51.668,,cml5w4ssp0001v7vnm48qzlwz,풀로우,3072204670,cmm0brq2f00027egst0gxt8mg,260224-009,ALBUM,TAXABLE,34000.00,3400.00,5500.00,0.00,42900.00,0.00,42900.00,postpaid,unpaid,,REGISTERED,"에히오르 압축앨범 - (대만팀)16-20251001 - (KR2025281) - Jeju Studio 16 - Wu Yi Ju, Cheng Hung Ming - TW-36P-樣2",,cml5w4ssp0001v7vnm48qzlwz,,,2026-02-24 08:09:51.669,2026-02-24 08:09:51.669,cmlg8f3ze0000lrz2o0scctzp
cmm0bw4vp00187egsvdtk9z6u,SL-20260224-012,2026-02-24 08:13:16.595,,cml5w4ssp0001v7vnm48qzlwz,풀로우,3072204670,cmm0bw4lt000x7egs08bqwot4,260224-010,ALBUM,TAXABLE,14500.00,1450.00,0.00,0.00,10450.00,0.00,10450.00,postpaid,unpaid,,REGISTERED,에히오르 압축앨범 - 김예은님 원판앨범,,cml5w4ssp0001v7vnm48qzlwz,,,2026-02-24 08:13:16.597,2026-02-24 08:13:16.597,cmlg8f3ze0000lrz2o0scctzp
cmm0bw5ts002c7egsrk6bllqk,SL-20260224-013,2026-02-24 08:13:17.823,,cml5w4ssp0001v7vnm48qzlwz,풀로우,3072204670,cmm0bw4wc001c7egs1isk4b3z,260224-011,ALBUM,TAXABLE,49000.00,4900.00,0.00,0.00,53900.00,0.00,53900.00,postpaid,unpaid,,REGISTERED,에히오르 압축앨범 - 김예은 님 스냅앨범,,cml5w4ssp0001v7vnm48qzlwz,,,2026-02-24 08:13:17.825,2026-02-24 08:13:17.825,cmlg8f3ze0000lrz2o0scctzp
cmm0bzy9m00397egsk131n7il,SL-20260224-014,2026-02-24 08:16:14.649,,cml5w4ssp0001v7vnm48qzlwz,풀로우,3072204670,cmm0bzxtj002p7egs3hh0hgtu,260224-012,ALBUM,TAXABLE,23200.00,2320.00,0.00,0.00,25520.00,0.00,25520.00,postpaid,unpaid,,REGISTERED,에히오르 압축앨범 - 김지예 - 김지예_11x15_26p,,cml5w4ssp0001v7vnm48qzlwz,,,2026-02-24 08:16:14.65,2026-02-24 08:16:14.65,cmlg8f3ze0000lrz2o0scctzp
cmm1g586g002jci5ijoc6sbjc,SL-20260225-002,2026-02-25 03:00:05.415,,cmlc48lcw00017cvnisoyrvqk,로앤코코,123-22-37686,cmm1g582h001jci5io0fv2x3p,260225-002,ALBUM,TAXABLE,49000.00,4900.00,5500.00,0.00,59400.00,0.00,59400.00,postpaid,unpaid,,REGISTERED,에히오르 압축앨범 - 김예은 님 스냅앨범,,cmlc48lcw00017cvnisoyrvqk,,,2026-02-25 03:00:05.416,2026-02-25 03:00:05.416,cml63cj8d000610fc52rxd1r8
cmm1jp3mz0009taek5wghxb5s,SL-20260225-003,2026-02-25 04:39:31.498,,cmlc48lcw00017cvnisoyrvqk,로앤코코,123-22-37686,cmm1jp3hh0002taekvlqk9jsp,260225-003,ALBUM,TAXABLE,11000.00,1100.00,0.00,0.00,1100.00,0.00,1100.00,postpaid,unpaid,,REGISTERED,에히오르 압축앨범 - 팔사진관_잉크젯_811_10_장란우,,cmlc48lcw00017cvnisoyrvqk,,,2026-02-25 04:39:31.499,2026-02-25 04:39:31.499,cml63cj8d000610fc52rxd1r8
cmm1jp3tf000ntaekmqq6isrx,SL-20260225-004,2026-02-25 04:39:31.73,,cmlc48lcw00017cvnisoyrvqk,로앤코코,123-22-37686,cmm1jp3ni000dtaekzxxz9ytl,260225-004,ALBUM,TAXABLE,11000.00,1100.00,0.00,0.00,12100.00,0.00,12100.00,postpaid,unpaid,,REGISTERED,에히오르 압축앨범 - 팔사진관_잉크젯_811_10_이혜원,,cmlc48lcw00017cvnisoyrvqk,,,2026-02-25 04:39:31.731,2026-02-25 04:39:31.731,cml63cj8d000610fc52rxd1r8
cmm1jp3zq0017taek09nkw1iq,SL-20260225-005,2026-02-25 04:39:31.957,,cmlc48lcw00017cvnisoyrvqk,로앤코코,123-22-37686,cmm1jp3ty000xtaekyxst15kq,260225-005,ALBUM,TAXABLE,11000.00,1100.00,0.00,0.00,12100.00,0.00,12100.00,postpaid,unpaid,,REGISTERED,에히오르 압축앨범 - 팔사진관_잉크젯_811_10_이경민,,cmlc48lcw00017cvnisoyrvqk,,,2026-02-25 04:39:31.958,2026-02-25 04:39:31.958,cml63cj8d000610fc52rxd1r8
cmm1jp43n001qtaek5xul7a08,SL-20260225-006,2026-02-25 04:39:32.098,,cmlc48lcw00017cvnisoyrvqk,로앤코코,123-22-37686,cmm1jp403001htaekc1h1d5wr,260225-006,ALBUM,TAXABLE,11000.00,1100.00,0.00,0.00,12100.00,0.00,12100.00,postpaid,unpaid,,REGISTERED,에히오르 압축앨범 - 팔사진관_잉크젯_811_10_유미,,cmlc48lcw00017cvnisoyrvqk,,,2026-02-25 04:39:32.099,2026-02-25 04:39:32.099,cml63cj8d000610fc52rxd1r8
cmm1jp47l0029taekbo5dj86o,SL-20260225-007,2026-02-25 04:39:32.24,,cmlc48lcw00017cvnisoyrvqk,로앤코코,123-22-37686,cmm1jp4420020taekmgh1pquo,260225-007,ALBUM,TAXABLE,11000.00,1100.00,0.00,0.00,12100.00,0.00,12100.00,postpaid,unpaid,,REGISTERED,에히오르 압축앨범 - 팔사진관_잉크젯_811_10_박은혜,,cmlc48lcw00017cvnisoyrvqk,,,2026-02-25 04:39:32.241,2026-02-25 04:39:32.241,cml63cj8d000610fc52rxd1r8
cmm1jp4a3002qtaek0jai4135,SL-20260225-008,2026-02-25 04:39:32.33,,cmlc48lcw00017cvnisoyrvqk,로앤코코,123-22-37686,cmm1jp47y002jtaek3dsxvao7,260225-008,ALBUM,TAXABLE,11000.00,1100.00,0.00,0.00,12100.00,0.00,12100.00,postpaid,unpaid,,REGISTERED,에히오르 압축앨범 - 팔사진관_잉크젯_811_10_김현겸,,cmlc48lcw00017cvnisoyrvqk,,,2026-02-25 04:39:32.332,2026-02-25 04:39:32.332,cml63cj8d000610fc52rxd1r8
cmm2rf1jj000uo9yxgrcuck37,SL-20260226-001,2026-02-26 01:03:25.326,,cmlc48lcw00017cvnisoyrvqk,로앤코코,123-22-37686,cmm2rf0zw0008o9yxmdabbbqv,260226-001,ALBUM,TAXABLE,27500.00,2750.00,5500.00,0.00,35750.00,35750.00,0.00,card,paid,,REGISTERED,에히오르 압축앨범 - 2025.11.01 안재영 심효정_원판스냅_스냅1권,,cmlc48lcw00017cvnisoyrvqk,,,2026-02-26 01:03:25.327,2026-02-26 01:03:25.327,cml63cj8d000610fc52rxd1r8
cmm2rjasz001xo9yxo3qzob26,SL-20260226-002,2026-02-26 01:06:43.954,,cmlc48lcw00017cvnisoyrvqk,로앤코코,123-22-37686,cmm2rj9zw0012o9yx0bxg7cd8,260226-002,ALBUM,TAXABLE,43750.00,4375.00,0.00,0.00,42625.00,42625.00,0.00,card,paid,,REGISTERED,에히오르 압축앨범 - 난타호텔_박선애 - 신랑신부,,cmlc48lcw00017cvnisoyrvqk,,,2026-02-26 01:06:43.955,2026-02-26 01:06:43.955,cml63cj8d000610fc52rxd1r8
cmm2rjb0c002eo9yxam9k5z8g,SL-20260226-003,2026-02-26 01:06:44.218,,cmlc48lcw00017cvnisoyrvqk,로앤코코,123-22-37686,cmm2rjatd0023o9yx0xqlj438,260226-003,ALBUM,TAXABLE,13750.00,1375.00,0.00,0.00,15125.00,15125.00,0.00,card,paid,,REGISTERED,에히오르 압축앨범 - 난타호텔_박선애 - 부모님,,cmlc48lcw00017cvnisoyrvqk,,,2026-02-26 01:06:44.22,2026-02-26 01:06:44.22,cml63cj8d000610fc52rxd1r8
cmm1fuy610016ci5i8af6j5zu,SL-20260225-001,2026-02-25 02:52:05.88,,cmlc48lcw00017cvnisoyrvqk,로앤코코,123-22-37686,cmm1fuwux0006ci5iz6zrqs90,260225-001,ALBUM,TAXABLE,49000.00,4900.00,5500.00,0.00,59400.00,59400.00,0.00,postpaid,paid,,REGISTERED,에히오르 압축앨범 - 김예은 님 스냅앨범,,cmlc48lcw00017cvnisoyrvqk,,,2026-02-25 02:52:05.881,2026-02-26 01:38:24.244,cml63cj8d000610fc52rxd1r8
cmm36kwzo000ov1mkqr4ure9a,SL-20260226-004,2026-02-26 08:07:53.603,,cmlc48lcw00017cvnisoyrvqk,로앤코코,123-22-37686,cmm36kwiq0002v1mkzzkbubcz,260226-004,ALBUM,TAXABLE,27500.00,2750.00,5500.00,0.00,35750.00,0.00,35750.00,postpaid,unpaid,,REGISTERED,에히오르 압축앨범 - 2025.11.01 안재영 심효정_원판스냅_스냅1권,,cmlc48lcw00017cvnisoyrvqk,,,2026-02-26 08:07:53.605,2026-02-26 08:07:53.605,cml63cj8d000610fc52rxd1r8
cmm37ydfx000m83kyg6u5di1p,SL-20260226-005,2026-02-26 08:46:21.068,,cmlc48lcw00017cvnisoyrvqk,로앤코코,123-22-37686,cmm37ycye000283kyhjrr72h6,260226-005,ALBUM,TAXABLE,23200.00,2320.00,5500.00,0.00,31020.00,0.00,31020.00,postpaid,unpaid,,REGISTERED,에히오르 압축앨범 - 김지예 - 김지예_11x15_26p,,cmlc48lcw00017cvnisoyrvqk,,,2026-02-26 08:46:21.069,2026-02-26 08:46:21.069,cml63cj8d000610fc52rxd1r8
cmm3860rf001383kyttpmg5ug,SL-20260226-006,2026-02-26 08:52:17.882,,cmlc48lcw00017cvnisoyrvqk,로앤코코,123-22-37686,cmm3860hf000s83kyigjkyoaw,260226-006,ALBUM,TAXABLE,13750.00,1375.00,0.00,0.00,15125.00,0.00,15125.00,postpaid,unpaid,,REGISTERED,에히오르 압축앨범 - 부모님,,cmlc48lcw00017cvnisoyrvqk,,,2026-02-26 08:52:17.883,2026-02-26 08:52:17.883,cml63cj8d000610fc52rxd1r8
cmm3860z4001o83kyzaanbt88,SL-20260226-007,2026-02-26 08:52:18.159,,cmlc48lcw00017cvnisoyrvqk,로앤코코,123-22-37686,cmm3860s7001d83kysgk146dz,260226-007,ALBUM,TAXABLE,26600.00,2660.00,0.00,0.00,29260.00,0.00,29260.00,postpaid,unpaid,,REGISTERED,에히오르 압축앨범 - 부모님 (11×8.6인치),,cmlc48lcw00017cvnisoyrvqk,,,2026-02-26 08:52:18.16,2026-02-26 08:52:18.16,cml63cj8d000610fc52rxd1r8
cmmaifqxv004etjo9cg7m39sb,SL-20260303-001,2026-03-03 11:14:11.105,,cmmagsozx0002tjo9f0wsln3v,인천달빛스쿠터,221-10-31701,cmmaifqhw003vtjo9tsud1pam,260303-001,ALBUM,TAXABLE,21800.00,2180.00,0.00,0.00,23980.00,0.00,23980.00,postpaid,unpaid,,REGISTERED,압축앨범_세미앙블랙 - (250220)까지 수정본완성 이종민 이지윤 23p 다희s (유리구두)- [뉴피아]-소유진,,cmmagsozx0002tjo9f0wsln3v,,,2026-03-03 11:14:11.107,2026-03-03 11:14:11.107,cmmag9dwy0003u21pmentbmrn
cmmzrcohv005beti6xxir4qo7,SL-20260321-001,2026-03-21 03:17:58.913,,cmlc48lcw00017cvnisoyrvqk,로앤코코,123-22-37686,cmmzrcn03004neti6wn6izlm0,260321-001,ALBUM,TAXABLE,76200.00,0.00,5500.00,0.00,81700.00,0.00,81700.00,postpaid,unpaid,,REGISTERED,압축앨범_세미앙블랙 - 이세환 오주리 34p 애리 (그랜드하우스) [뉴피아],,cmlc48lcw00017cvnisoyrvqk,,,2026-03-21 03:17:58.915,2026-03-21 03:17:58.915,cml63cj8d000610fc52rxd1r8
cmmzty9bf001472mkm95g71g0,SL-20260321-002,2026-03-21 04:30:44.906,,cmkg8vzuf0000at5m0dyaydie,우영국(네이버),포토미,cmmzty8em000972mkiedf1y7f,260321-002,ALBUM,TAXABLE,120600.00,0.00,0.00,0.00,120600.00,0.00,120600.00,postpaid,unpaid,,REGISTERED,압축앨범_세미앙블랙 - 황휘수 곽다은 48p 동인t (그랜드하우스)- [세미앙블랙],,cml63cj8d000610fc52rxd1r8,,,2026-03-21 04:30:44.907,2026-03-21 04:30:44.907,
cmmzty9o6002872mk4zppbi81,SL-20260321-003,2026-03-21 04:30:45.365,,cmkg8vzuf0000at5m0dyaydie,우영국(네이버),포토미,cmmzty9cc001d72mkuzhiqnwv,260321-003,ALBUM,TAXABLE,71000.00,0.00,0.00,0.00,71000.00,0.00,71000.00,postpaid,unpaid,,REGISTERED,압축앨범_세미앙블랙 - 황휘수 곽다은 48p 동인t (그랜드하우스)- [세미앙블랙] (8×10인치),,cml63cj8d000610fc52rxd1r8,,,2026-03-21 04:30:45.366,2026-03-21 04:30:45.366,
cmmzugsh9003c72mkoeonhw85,SL-20260321-004,2026-03-21 04:45:09.548,,cmkg8vzuf0000at5m0dyaydie,우영국(네이버),포토미,cmmzugrt4002r72mk38hqkhow,260321-004,ALBUM,TAXABLE,76600.00,0.00,0.00,0.00,76600.00,76600.00,0.00,card,paid,,REGISTERED,압축앨범_세미앙블랙 - 이재문 이지안 25p (여백 1p포함 총 26p) 용희t (클라라)- [세미앙블랙],,cml63cj8d000610fc52rxd1r8,,,2026-03-21 04:45:09.549,2026-03-21 04:45:09.549,
cmmzugszf004772mk7s9v3x2m,SL-20260321-005,2026-03-21 04:45:10.202,,cmkg8vzuf0000at5m0dyaydie,우영국(네이버),포토미,cmmzugsi1003n72mk9knz9fvh,260321-005,ALBUM,TAXABLE,61800.00,0.00,0.00,0.00,61800.00,61800.00,0.00,card,paid,,REGISTERED,압축앨범_세미앙블랙 - 유경배 이미란 26p 애리 (mj) [뉴피아],,cml63cj8d000610fc52rxd1r8,,,2026-03-21 04:45:10.203,2026-03-21 04:45:10.203,
cmmzv3k6d007f72mk1ta65pdw,SL-20260321-006,2026-03-21 05:02:51.876,,cmlc48lcw00017cvnisoyrvqk,로앤코코,123-22-37686,cmmzv3j7l006k72mkxx6zq7jz,260321-006,ALBUM,TAXABLE,67800.00,0.00,0.00,0.00,62300.00,0.00,62300.00,postpaid,unpaid,,REGISTERED,졸업스타화보 - 황휘수 곽다은 48p 동인t (그랜드하우스)- [세미앙블랙],,cmlc48lcw00017cvnisoyrvqk,,,2026-03-21 05:02:51.877,2026-03-21 05:02:51.877,cml63cj8d000610fc52rxd1r8
cmmzv3kjh008e72mk4tujm0rc,SL-20260321-007,2026-03-21 05:02:52.349,,cmlc48lcw00017cvnisoyrvqk,로앤코코,123-22-37686,cmmzv3k72007j72mkwvd76gso,260321-007,ALBUM,TAXABLE,82400.00,0.00,0.00,0.00,82400.00,0.00,82400.00,postpaid,unpaid,,REGISTERED,졸업스타화보 - 황휘수 곽다은 48p 동인t (그랜드하우스)- [세미앙블랙] (8×10인치),,cmlc48lcw00017cvnisoyrvqk,,,2026-03-21 05:02:52.35,2026-03-21 05:02:52.35,cml63cj8d000610fc52rxd1r8
cmn40feez001d129ltpwmhuob,SL-20260324-001,2026-03-24 02:43:07.066,,cmkg8vzuf0000at5m0dyaydie,우영국(네이버),포토미,cmn40fdnz000k129l1m274qad,260324-001,ALBUM,TAXABLE,63400.00,0.00,5500.00,0.00,68900.00,0.00,68900.00,mobile,unpaid,,REGISTERED,졸업스타화보 - (251128) 김진일 최인정 44p 주민t (소풍)-11 [세미앙블랙] HAEMIL,,cml63cj8d000610fc52rxd1r8,,,2026-03-24 02:43:07.067,2026-03-24 02:43:07.067,
cmn4kboez00183wh4lqsix4f4,SL-20260324-005,2026-03-24 12:00:05.721,,cmmagsozx0002tjo9f0wsln3v,인천달빛스쿠터,221-10-31701,cmn4kbo0p000r3wh4b96syxoc,260324-005,ALBUM,TAXABLE,51200.00,0.00,5500.00,0.00,56700.00,0.00,56700.00,mobile,unpaid,,REGISTERED,압축앨범_세미앙블랙 - (251206) 김기원 정다인 20p 다희s (mj컨벤션)-8 [뉴피아]-소유진,,cmmagsozx0002tjo9f0wsln3v,,,2026-03-24 12:00:05.723,2026-03-24 12:00:05.723,cmmag9dwy0003u21pmentbmrn
cmn8t0khy001xcc2hl658xor4,SL-20260327-001,2026-03-27 11:14:28.678,,cmmagsozx0002tjo9f0wsln3v,인천달빛스쿠터,221-10-31701,cmn8t0k4m000pcc2hikxdrc2q,260327-001,ALBUM,TAXABLE,132250.00,0.00,0.00,0.00,132250.00,0.00,132250.00,postpaid,unpaid,,REGISTERED,압축앨범_세미앙블랙 - [지급][화보1미니2]한선현 심우석님 앨범_가능한 다음주내로 부탁드립니다,,cmmagsozx0002tjo9f0wsln3v,,,2026-03-27 11:14:28.679,2026-03-27 11:14:28.679,cmmag9dwy0003u21pmentbmrn
cmn8t0kje0035cc2hhxglhspq,SL-20260327-002,2026-03-27 11:14:28.73,,cmmagsozx0002tjo9f0wsln3v,인천달빛스쿠터,221-10-31701,cmn8t0kiq0026cc2h40oe0j4i,260327-002,ALBUM,TAXABLE,99000.00,0.00,0.00,0.00,99000.00,0.00,99000.00,postpaid,unpaid,,REGISTERED,압축앨범_세미앙블랙 - [압축1]김이유 아기 돌 앨범,,cmmagsozx0002tjo9f0wsln3v,,,2026-03-27 11:14:28.73,2026-03-27 11:14:28.73,cmmag9dwy0003u21pmentbmrn
cmn8t0klf004icc2hot7pi88l,SL-20260327-003,2026-03-27 11:14:28.802,,cmmagsozx0002tjo9f0wsln3v,인천달빛스쿠터,221-10-31701,cmn8t0kjv003ecc2hf9opq8am,260327-003,ALBUM,TAXABLE,118250.00,0.00,0.00,0.00,118250.00,0.00,118250.00,postpaid,unpaid,,REGISTERED,압축앨범_세미앙블랙 - [화보1] 장미 유우현님 앨범,,cmmagsozx0002tjo9f0wsln3v,,,2026-03-27 11:14:28.803,2026-03-27 11:14:28.803,cmmag9dwy0003u21pmentbmrn
cmncpzkpe0015ffcv54foaaoz,SL-20260330-001,2026-03-30 05:00:48.144,,cmmagsozx0002tjo9f0wsln3v,인천달빛스쿠터,221-10-31701,cmncpzk9k000offcv1xndf9ue,260330-001,ALBUM,TAXABLE,47000.00,0.00,0.00,0.00,47000.00,0.00,47000.00,postpaid,unpaid,,REGISTERED,압축앨범_세미앙블랙 - 김수민 궁민희 20p 지광t (브온미)- [뉴피아],,cmmagsozx0002tjo9f0wsln3v,,,2026-03-30 05:00:48.146,2026-03-30 05:00:48.146,cmmag9dwy0003u21pmentbmrn
cmncpzkrj001uffcvge6iz712,SL-20260330-002,2026-03-30 05:00:48.222,,cmmagsozx0002tjo9f0wsln3v,인천달빛스쿠터,221-10-31701,cmncpzkqg001effcvr1h81dyr,260330-002,ALBUM,TAXABLE,47000.00,0.00,0.00,0.00,47000.00,0.00,47000.00,postpaid,unpaid,,REGISTERED,압축앨범_세미앙블랙 - 김영남 송채현 20p 지광t (클라라)- [뉴피아],,cmmagsozx0002tjo9f0wsln3v,,,2026-03-30 05:00:48.224,2026-03-30 05:00:48.224,cmmag9dwy0003u21pmentbmrn
cmncpzkt5002kffcvd018yigc,SL-20260330-003,2026-03-30 05:00:48.279,,cmmagsozx0002tjo9f0wsln3v,인천달빛스쿠터,221-10-31701,cmncpzks10023ffcv1y595aq0,260330-003,ALBUM,TAXABLE,47000.00,0.00,0.00,0.00,47000.00,0.00,47000.00,postpaid,unpaid,,REGISTERED,압축앨범_세미앙블랙 - 신동민 정진솔 20p 애리 (아시아드)- [뉴피아],,cmmagsozx0002tjo9f0wsln3v,,,2026-03-30 05:00:48.281,2026-03-30 05:00:48.281,cmmag9dwy0003u21pmentbmrn
cmncpzkuq0039ffcvbar16uso,SL-20260330-004,2026-03-30 05:00:48.337,,cmmagsozx0002tjo9f0wsln3v,인천달빛스쿠터,221-10-31701,cmncpzktm002tffcv83shfe3b,260330-004,ALBUM,TAXABLE,68900.00,0.00,0.00,0.00,68900.00,0.00,68900.00,postpaid,unpaid,,REGISTERED,압축앨범_세미앙블랙 - 김기홍 한은희 20p 지광t (루아르비)- [뉴피아],,cmmagsozx0002tjo9f0wsln3v,,,2026-03-30 05:00:48.338,2026-03-30 05:00:48.338,cmmag9dwy0003u21pmentbmrn
cmne8ig19006jv9yjmmmd2hhi,SL-20260331-001,2026-03-31 06:27:07.82,,cmmagsozx0002tjo9f0wsln3v,인천달빛스쿠터,221-10-31701,cmne8iffb0063v9yjtaya5nkp,260331-001,ALBUM,TAXABLE,47000.00,0.00,0.00,0.00,47000.00,0.00,47000.00,postpaid,unpaid,,REGISTERED,압축앨범_세미앙블랙 - 김영남 송채현 20p 지광t (클라라)- [뉴피아],,cmmagsozx0002tjo9f0wsln3v,,,2026-03-31 06:27:07.822,2026-03-31 06:27:07.822,cmmag9dwy0003u21pmentbmrn
cmne8ig2h0079v9yjhk02lqz4,SL-20260331-002,2026-03-31 06:27:07.864,,cmmagsozx0002tjo9f0wsln3v,인천달빛스쿠터,221-10-31701,cmne8ig1u006sv9yjct0nuwcq,260331-002,ALBUM,TAXABLE,47000.00,0.00,0.00,0.00,47000.00,0.00,47000.00,postpaid,unpaid,,REGISTERED,압축앨범_세미앙블랙 - 신동민 정진솔 20p 애리 (아시아드)- [뉴피아],,cmmagsozx0002tjo9f0wsln3v,,,2026-03-31 06:27:07.865,2026-03-31 06:27:07.865,cmmag9dwy0003u21pmentbmrn
cmne8ig3i008av9yjhpiohtiq,SL-20260331-003,2026-03-31 06:27:07.901,,cmmagsozx0002tjo9f0wsln3v,인천달빛스쿠터,221-10-31701,cmne8ig2v007iv9yjnd5fsrnd,260331-003,ALBUM,TAXABLE,86100.00,0.00,0.00,0.00,86100.00,0.00,86100.00,postpaid,unpaid,,REGISTERED,압축앨범_세미앙블랙 - (251117) 임의진 양채연 39p (여백 3p포함 총 42p) 다희s (브온미)-6 [뉴피아]-지수 최종,,cmmagsozx0002tjo9f0wsln3v,,,2026-03-31 06:27:07.902,2026-03-31 06:27:07.902,cmmag9dwy0003u21pmentbmrn
cmne8ig4j009fv9yja5v44iy6,SL-20260331-004,2026-03-31 06:27:07.939,,cmmagsozx0002tjo9f0wsln3v,인천달빛스쿠터,221-10-31701,cmne8ig3w008jv9yj1j2o1i7a,260331-004,ALBUM,TAXABLE,102500.00,0.00,0.00,0.00,102500.00,0.00,102500.00,postpaid,unpaid,,REGISTERED,압축앨범_세미앙블랙 - (251127) 박상준 신은주 (여백1p 포함) 50p 지광t (아시아드)- [뉴피아]-소유진,,cmmagsozx0002tjo9f0wsln3v,,,2026-03-31 06:27:07.94,2026-03-31 06:27:07.94,cmmag9dwy0003u21pmentbmrn
cmnfaxnxk001gbe21yn8a84fc,SL-20260401-001,2026-04-01 00:22:43.303,,cmmagsozx0002tjo9f0wsln3v,인천달빛스쿠터,221-10-31701,cmnfaxnl1000bbe21nol906dj,260401-001,ALBUM,TAXABLE,121750.00,0.00,0.00,0.00,121750.00,0.00,121750.00,postpaid,unpaid,,REGISTERED,압축앨범_세미앙블랙 - 신랑신부,,cmmagsozx0002tjo9f0wsln3v,,,2026-04-01 00:22:43.305,2026-04-01 00:22:43.305,cmmag9dwy0003u21pmentbmrn
cmnfaxnze002bbe21a2i9bulx,SL-20260401-002,2026-04-01 00:22:43.369,,cmmagsozx0002tjo9f0wsln3v,인천달빛스쿠터,221-10-31701,cmnfaxnyb001pbe21mxthvqog,260401-002,ALBUM,TAXABLE,59000.00,0.00,0.00,0.00,59000.00,0.00,59000.00,postpaid,unpaid,,REGISTERED,"압축앨범_세미앙블랙 - 2-20250929 - (KR2025136) - Jeju Studio 18 - Fok Ching Man, Hou King Hei - HK-32P-樣2",,cmmagsozx0002tjo9f0wsln3v,,,2026-04-01 00:22:43.371,2026-04-01 00:22:43.371,cmmag9dwy0003u21pmentbmrn
cmnfaxo0v0038be21o0dh4duo,SL-20260401-003,2026-04-01 00:22:43.422,,cmmagsozx0002tjo9f0wsln3v,인천달빛스쿠터,221-10-31701,cmnfaxnzu002kbe21gvcsijie,260401-003,ALBUM,TAXABLE,66000.00,0.00,0.00,0.00,66000.00,0.00,66000.00,postpaid,unpaid,,REGISTERED,"압축앨범_세미앙블랙 - (대만팀)16-20251001 - (KR2025281) - Jeju Studio 16 - Wu Yi Ju, Cheng Hung Ming - TW-36P-樣2",,cmmagsozx0002tjo9f0wsln3v,,,2026-04-01 00:22:43.424,2026-04-01 00:22:43.424,cmmag9dwy0003u21pmentbmrn
cmnffux53003zd0ymnlaj19rg,SL-20260401-004,2026-04-01 02:40:33.35,,cmmagsozx0002tjo9f0wsln3v,인천달빛스쿠터,221-10-31701,cmnffuwts003id0ymw02ks6x8,260401-004,ALBUM,TAXABLE,52000.00,0.00,0.00,0.00,52000.00,0.00,52000.00,postpaid,unpaid,,REGISTERED,압축앨범_세미앙블랙 - 백선영_11x15_20p,,cmmagsozx0002tjo9f0wsln3v,,,2026-04-01 02:40:33.351,2026-04-01 02:40:33.351,cmmag9dwy0003u21pmentbmrn
cmnffux6u004nd0ymwrmel2xl,SL-20260401-005,2026-04-01 02:40:33.413,,cmmagsozx0002tjo9f0wsln3v,인천달빛스쿠터,221-10-31701,cmnffux5t0048d0ym2ef5zq1q,260401-005,ALBUM,TAXABLE,43800.00,0.00,0.00,0.00,43800.00,0.00,43800.00,postpaid,unpaid,,REGISTERED,압축앨범_세미앙블랙 - 문성혁_11x15_16p,,cmmagsozx0002tjo9f0wsln3v,,,2026-04-01 02:40:33.415,2026-04-01 02:40:33.415,cmmag9dwy0003u21pmentbmrn
cmnffux8a005kd0yma075hyd5,SL-20260401-006,2026-04-01 02:40:33.465,,cmmagsozx0002tjo9f0wsln3v,인천달빛스쿠터,221-10-31701,cmnffux79004wd0ym5jciypj6,260401-006,ALBUM,TAXABLE,80700.00,0.00,0.00,0.00,80700.00,0.00,80700.00,postpaid,unpaid,,REGISTERED,압축앨범_세미앙블랙 - 김도희_11x15_34p,,cmmagsozx0002tjo9f0wsln3v,,,2026-04-01 02:40:33.467,2026-04-01 02:40:33.467,cmmag9dwy0003u21pmentbmrn
cmnffux9s006ed0ym456wzkpu,SL-20260401-007,2026-04-01 02:40:33.519,,cmmagsozx0002tjo9f0wsln3v,인천달빛스쿠터,221-10-31701,cmnffux8o005td0yma8geb6by,260401-007,ALBUM,TAXABLE,68400.00,0.00,0.00,0.00,68400.00,0.00,68400.00,postpaid,unpaid,,REGISTERED,압축앨범_세미앙블랙 - 곽다원_11x15_28p,,cmmagsozx0002tjo9f0wsln3v,,,2026-04-01 02:40:33.52,2026-04-01 02:40:33.52,cmmag9dwy0003u21pmentbmrn
cmnffuxb6007bd0ymhfmdc93n,SL-20260401-008,2026-04-01 02:40:33.569,,cmmagsozx0002tjo9f0wsln3v,인천달빛스쿠터,221-10-31701,cmnffuxa6006nd0ym4qr03de3,260401-008,ALBUM,TAXABLE,80700.00,0.00,0.00,0.00,80700.00,0.00,80700.00,postpaid,unpaid,,REGISTERED,압축앨범_세미앙블랙 - 정지은_11x15_34p,,cmmagsozx0002tjo9f0wsln3v,,,2026-04-01 02:40:33.571,2026-04-01 02:40:33.571,cmmag9dwy0003u21pmentbmrn
cmnfgbbft008gd0ymawha1d92,SL-20260401-009,2026-04-01 02:53:18.376,,cmmagsozx0002tjo9f0wsln3v,인천달빛스쿠터,221-10-31701,cmnfgbb37007zd0ymebmx3abg,260401-009,ALBUM,TAXABLE,56100.00,0.00,0.00,0.00,56100.00,0.00,56100.00,postpaid,unpaid,,REGISTERED,압축앨범_세미앙블랙 - 251220[43]주찬양 손세은_22p 좌시우끝,,cmmagsozx0002tjo9f0wsln3v,,,2026-04-01 02:53:18.378,2026-04-01 02:53:18.378,cmmag9dwy0003u21pmentbmrn
cmnfgfn0l009ld0ymkmn2avxc,SL-20260401-010,2026-04-01 02:56:40.005,,cmmagsozx0002tjo9f0wsln3v,인천달빛스쿠터,221-10-31701,cmnfgfmqn0092d0ymjqn373p8,260401-010,ALBUM,TAXABLE,64300.00,0.00,5500.00,0.00,69800.00,69800.00,0.00,card,paid,,REGISTERED,압축앨범_세미앙블랙 - 260321[43]이진형 김시현_26p 좌시우끝,,cmmagsozx0002tjo9f0wsln3v,,,2026-04-01 02:56:40.006,2026-04-01 02:56:40.006,cmmag9dwy0003u21pmentbmrn
cmnfimvz400b7d0ymexrnpreb,SL-20260401-011,2026-04-01 03:58:17.44,,cmmagsozx0002tjo9f0wsln3v,인천달빛스쿠터,221-10-31701,cmnfimvhc00apd0ym84q71n82,260401-011,ALBUM,TAXABLE,56100.00,0.00,0.00,0.00,56100.00,56100.00,0.00,card,paid,,REGISTERED,압축앨범_세미앙블랙 - ☆지급 이영선 태가영 22p 희진t (클라라)- [세미앙블랙],,cmmagsozx0002tjo9f0wsln3v,,,2026-04-01 03:58:17.441,2026-04-01 03:58:17.441,cmmag9dwy0003u21pmentbmrn
cmnft0jh700e8d0ymu8h557ff,SL-20260401-012,2026-04-01 08:48:50.586,,cmmagsozx0002tjo9f0wsln3v,인천달빛스쿠터,221-10-31701,cmnft0j3j00dqd0ymii1oqwcq,260401-012,ALBUM,TAXABLE,56100.00,0.00,0.00,0.00,56100.00,0.00,56100.00,postpaid,unpaid,,REGISTERED,압축앨범_세미앙블랙 - ☆지급 이영선 태가영 22p 희진t (클라라)- [세미앙블랙],,cmmagsozx0002tjo9f0wsln3v,,,2026-04-01 08:48:50.587,2026-04-01 08:48:50.587,cmmag9dwy0003u21pmentbmrn
cmnft0jj100f3d0ym11vn4rwe,SL-20260401-013,2026-04-01 08:48:50.652,,cmmagsozx0002tjo9f0wsln3v,인천달빛스쿠터,221-10-31701,cmnft0jhx00ehd0ymen9b0seb,260401-013,ALBUM,TAXABLE,75500.00,0.00,0.00,0.00,75500.00,0.00,75500.00,postpaid,unpaid,,REGISTERED,압축앨범_세미앙블랙 - 이원규 전다은 30p 희진t (아시아드)- [세미앙블랙],,cmmagsozx0002tjo9f0wsln3v,,,2026-04-01 08:48:50.653,2026-04-01 08:48:50.653,cmmag9dwy0003u21pmentbmrn
cmngs30zg000x11nibuxbn6ur,SL-20260402-001,2026-04-02 01:10:33.148,,cmmagsozx0002tjo9f0wsln3v,인천달빛스쿠터,221-10-31701,cmngs30m1000611nirq45g8sl,260402-001,ALBUM,TAXABLE,93000.00,0.00,0.00,0.00,93000.00,0.00,93000.00,postpaid,unpaid,,REGISTERED,압축앨범_세미앙블랙 - 이준섭 최유진 39p (여백 1p포함 총 40p) 애리 (그랜드오스티엄) [뉴피아],,cmmagsozx0002tjo9f0wsln3v,,,2026-04-02 01:10:33.149,2026-04-02 01:10:33.149,cmmag9dwy0003u21pmentbmrn
cmngs311n001i11nid9sufhkd,SL-20260402-002,2026-04-02 01:10:33.226,,cmmagsozx0002tjo9f0wsln3v,인천달빛스쿠터,221-10-31701,cmngs310d001611nijmn7udh3,260402-002,ALBUM,TAXABLE,14300.00,0.00,0.00,0.00,14300.00,0.00,14300.00,postpaid,unpaid,,REGISTERED,압축앨범_세미앙블랙 - 250526 차상우 서유정 미니앨범 1권 - 지광t [뉴피아],,cmmagsozx0002tjo9f0wsln3v,,,2026-04-02 01:10:33.227,2026-04-02 01:10:33.227,cmmag9dwy0003u21pmentbmrn
cmngs313i002d11nirz227ivv,SL-20260402-003,2026-04-02 01:10:33.293,,cmmagsozx0002tjo9f0wsln3v,인천달빛스쿠터,221-10-31701,cmngs3128001r11nicfxfud9u,260402-003,ALBUM,TAXABLE,75500.00,0.00,0.00,0.00,75500.00,0.00,75500.00,postpaid,unpaid,,REGISTERED,압축앨범_세미앙블랙 - (250921) 최수민 신미정 30p 지광t (차지연)- [뉴피아]-해리,,cmmagsozx0002tjo9f0wsln3v,,,2026-04-02 01:10:33.294,2026-04-02 01:10:33.294,cmmag9dwy0003u21pmentbmrn
cmngs315a003311nizq9491xt,SL-20260402-004,2026-04-02 01:10:33.357,,cmmagsozx0002tjo9f0wsln3v,인천달빛스쿠터,221-10-31701,cmngs3141002m11niygkir34e,260402-004,ALBUM,TAXABLE,54000.00,0.00,0.00,0.00,54000.00,0.00,54000.00,postpaid,unpaid,,REGISTERED,압축앨범_세미앙블랙 - 장인국 정지현 20p 애리 (블랑해리)- [뉴피아],,cmmagsozx0002tjo9f0wsln3v,,,2026-04-02 01:10:33.358,2026-04-02 01:10:33.358,cmmag9dwy0003u21pmentbmrn
cmnh6a5te005311ni6dx6xaqh,SL-20260402-005,2026-04-02 07:48:00.625,,cmmagsozx0002tjo9f0wsln3v,인천달빛스쿠터,221-10-31701,cmnh6a5hb004m11nipf1v88yh,260402-005,ALBUM,TAXABLE,22100.00,0.00,0.00,0.00,22100.00,22100.00,0.00,card,paid,,REGISTERED,압축앨범_세미앙블랙 - (251218) 김남현 문은화 20p 주민t (소풍)-8 [세미앙블랙] HAEMIL,,cmmagsozx0002tjo9f0wsln3v,,,2026-04-02 07:48:00.626,2026-04-02 07:48:00.626,cmmag9dwy0003u21pmentbmrn
cmnh6a5vn005w11nipf8gaab1,SL-20260402-006,2026-04-02 07:48:00.706,,cmmagsozx0002tjo9f0wsln3v,인천달빛스쿠터,221-10-31701,cmnh6a5uf005e11nix4ngqm5g,260402-006,ALBUM,TAXABLE,23710.00,0.00,0.00,0.00,23710.00,23710.00,0.00,card,paid,,REGISTERED,압축앨범_세미앙블랙 - (251208) 정승열 박지연 22p 주민t (클라라)-3 [세미앙블랙]  -한양,,cmmagsozx0002tjo9f0wsln3v,,,2026-04-02 07:48:00.707,2026-04-02 07:48:00.707,cmmag9dwy0003u21pmentbmrn
cmnh6a5xb006o11nityk44g0u,SL-20260402-007,2026-04-02 07:48:00.766,,cmmagsozx0002tjo9f0wsln3v,인천달빛스쿠터,221-10-31701,cmnh6a5w6006711ni1bih2vh8,260402-007,ALBUM,TAXABLE,22100.00,0.00,0.00,0.00,22100.00,22100.00,0.00,card,paid,,REGISTERED,압축앨범_세미앙블랙 - (251207) 이재형 김진솔 20p 주민t (차지연)- [세미앙블랙]-민혁,,cmmagsozx0002tjo9f0wsln3v,,,2026-04-02 07:48:00.767,2026-04-02 07:48:00.767,cmmag9dwy0003u21pmentbmrn
cmnh6a5yy007h11ni3y07wvr0,SL-20260402-008,2026-04-02 07:48:00.826,,cmmagsozx0002tjo9f0wsln3v,인천달빛스쿠터,221-10-31701,cmnh6a5xs006z11ni1xq4dtiy,260402-008,ALBUM,TAXABLE,23710.00,0.00,0.00,0.00,23710.00,23710.00,0.00,card,paid,,REGISTERED,압축앨범_세미앙블랙 - (251207) 김보선 천수연 22p 주민t (웨스턴팰리스)- [세미앙블랙] HAEMIL,,cmmagsozx0002tjo9f0wsln3v,,,2026-04-02 07:48:00.827,2026-04-02 07:48:00.827,cmmag9dwy0003u21pmentbmrn
cmnh6a60s008911nimhyfv78w,SL-20260402-009,2026-04-02 07:48:00.891,,cmmagsozx0002tjo9f0wsln3v,인천달빛스쿠터,221-10-31701,cmnh6a5zg007s11ni4w811szk,260402-009,ALBUM,TAXABLE,22100.00,0.00,0.00,0.00,22100.00,22100.00,0.00,card,paid,,REGISTERED,압축앨범_세미앙블랙 - (251123) 신진복 이정아 20p 주민t (gd컨벤션)- [세미앙블랙] HAEMIL,,cmmagsozx0002tjo9f0wsln3v,,,2026-04-02 07:48:00.892,2026-04-02 07:48:00.892,cmmag9dwy0003u21pmentbmrn
cmnh6uqp0009c11ni0o85mkvd,SL-20260402-010,2026-04-02 08:04:00.804,,cmmagsozx0002tjo9f0wsln3v,인천달빛스쿠터,221-10-31701,cmnh6uqai008v11nizpurlpmf,260402-010,ALBUM,TAXABLE,22600.00,0.00,0.00,0.00,22600.00,0.00,22600.00,postpaid,unpaid,,REGISTERED,압축앨범_세미앙블랙 - (251226) 이승배 김지우 20p 주민t (소풍)-[세미앙블랙]-연정,,cmmagsozx0002tjo9f0wsln3v,,,2026-04-02 08:04:00.805,2026-04-02 08:04:00.805,cmmag9dwy0003u21pmentbmrn
cmnh6uqqz00a211nikq7myb9x,SL-20260402-011,2026-04-02 08:04:00.875,,cmmagsozx0002tjo9f0wsln3v,인천달빛스쿠터,221-10-31701,cmnh6uqpu009l11niunbp0t24,260402-011,ALBUM,TAXABLE,22600.00,0.00,0.00,0.00,22600.00,0.00,22600.00,postpaid,unpaid,,REGISTERED,압축앨범_세미앙블랙 - (251218) 김남현 문은화 20p 주민t (소풍)-8 [세미앙블랙] HAEMIL,,cmmagsozx0002tjo9f0wsln3v,,,2026-04-02 08:04:00.876,2026-04-02 08:04:00.876,cmmag9dwy0003u21pmentbmrn
cmnh6uqsj00at11ni1n6b98ri,SL-20260402-012,2026-04-02 08:04:00.93,,cmmagsozx0002tjo9f0wsln3v,인천달빛스쿠터,221-10-31701,cmnh6uqre00ab11ni6o4p6fwt,260402-012,ALBUM,TAXABLE,24260.00,0.00,0.00,0.00,24260.00,0.00,24260.00,postpaid,unpaid,,REGISTERED,압축앨범_세미앙블랙 - (251208) 정승열 박지연 22p 주민t (클라라)-3 [세미앙블랙]  -한양,,cmmagsozx0002tjo9f0wsln3v,,,2026-04-02 08:04:00.932,2026-04-02 08:04:00.932,cmmag9dwy0003u21pmentbmrn
cmnh6uqu600bj11niuif8i83l,SL-20260402-013,2026-04-02 08:04:00.989,,cmmagsozx0002tjo9f0wsln3v,인천달빛스쿠터,221-10-31701,cmnh6uqsz00b211nii8ks2t5q,260402-013,ALBUM,TAXABLE,22600.00,0.00,0.00,0.00,22600.00,0.00,22600.00,postpaid,unpaid,,REGISTERED,압축앨범_세미앙블랙 - (251207) 이재형 김진솔 20p 주민t (차지연)- [세미앙블랙]-민혁,,cmmagsozx0002tjo9f0wsln3v,,,2026-04-02 08:04:00.99,2026-04-02 08:04:00.99,cmmag9dwy0003u21pmentbmrn
cmnh6uqvu00c911ni89lp6adt,SL-20260402-014,2026-04-02 08:04:01.049,,cmmagsozx0002tjo9f0wsln3v,인천달빛스쿠터,221-10-31701,cmnh6uqul00bs11nij175rz3t,260402-014,ALBUM,TAXABLE,22600.00,0.00,0.00,0.00,22600.00,0.00,22600.00,postpaid,unpaid,,REGISTERED,압축앨범_세미앙블랙 - 송영준 김인희 20p 기덕s (차지연)-1 [비마이],,cmmagsozx0002tjo9f0wsln3v,,,2026-04-02 08:04:01.05,2026-04-02 08:04:01.05,cmmag9dwy0003u21pmentbmrn
cmnh7m8z8000nq42h9purci4r,SL-20260402-015,2026-04-02 08:25:24.211,,cmmagsozx0002tjo9f0wsln3v,인천달빛스쿠터,221-10-31701,cmnh7m8li0006q42hhf7ntae7,260402-015,ALBUM,TAXABLE,22600.00,0.00,0.00,0.00,22600.00,0.00,22600.00,postpaid,unpaid,,REGISTERED,압축앨범_세미앙블랙 - (251226) 이승배 김지우 20p 주민t (소풍)-[세미앙블랙]-연정,,cmmagsozx0002tjo9f0wsln3v,,,2026-04-02 08:25:24.212,2026-04-02 08:25:24.212,cmmag9dwy0003u21pmentbmrn
cmnh7m91c001dq42hmixpo16r,SL-20260402-016,2026-04-02 08:25:24.287,,cmmagsozx0002tjo9f0wsln3v,인천달빛스쿠터,221-10-31701,cmnh7m904000wq42h3zuj0v34,260402-016,ALBUM,TAXABLE,22600.00,0.00,0.00,0.00,22600.00,0.00,22600.00,postpaid,unpaid,,REGISTERED,압축앨범_세미앙블랙 - (251218) 김남현 문은화 20p 주민t (소풍)-8 [세미앙블랙] HAEMIL,,cmmagsozx0002tjo9f0wsln3v,,,2026-04-02 08:25:24.288,2026-04-02 08:25:24.288,cmmag9dwy0003u21pmentbmrn
cmnh7m93k0024q42hrwltz53z,SL-20260402-017,2026-04-02 08:25:24.367,,cmmagsozx0002tjo9f0wsln3v,인천달빛스쿠터,221-10-31701,cmnh7m91u001mq42h2nnemss0,260402-017,ALBUM,TAXABLE,24260.00,0.00,0.00,0.00,24260.00,0.00,24260.00,postpaid,unpaid,,REGISTERED,압축앨범_세미앙블랙 - (251208) 정승열 박지연 22p 주민t (클라라)-3 [세미앙블랙]  -한양,,cmmagsozx0002tjo9f0wsln3v,,,2026-04-02 08:25:24.368,2026-04-02 08:25:24.368,cmmag9dwy0003u21pmentbmrn
cmnh7m957002uq42h81hns5b8,SL-20260402-018,2026-04-02 08:25:24.427,,cmmagsozx0002tjo9f0wsln3v,인천달빛스쿠터,221-10-31701,cmnh7m941002dq42hb4g8gcq3,260402-018,ALBUM,TAXABLE,22600.00,0.00,0.00,0.00,22600.00,0.00,22600.00,postpaid,unpaid,,REGISTERED,압축앨범_세미앙블랙 - (251207) 이재형 김진솔 20p 주민t (차지연)- [세미앙블랙]-민혁,,cmmagsozx0002tjo9f0wsln3v,,,2026-04-02 08:25:24.428,2026-04-02 08:25:24.428,cmmag9dwy0003u21pmentbmrn
cmnh7m977003kq42h1q1uuf0o,SL-20260402-019,2026-04-02 08:25:24.498,,cmmagsozx0002tjo9f0wsln3v,인천달빛스쿠터,221-10-31701,cmnh7m95p0033q42h7uk3kow1,260402-019,ALBUM,TAXABLE,22600.00,0.00,0.00,0.00,22600.00,0.00,22600.00,postpaid,unpaid,,REGISTERED,압축앨범_세미앙블랙 - 송영준 김인희 20p 기덕s (차지연)-1 [비마이],,cmmagsozx0002tjo9f0wsln3v,,,2026-04-02 08:25:24.499,2026-04-02 08:25:24.499,cmmag9dwy0003u21pmentbmrn
cmnh8jks5000wjzoye8vaszxq,SL-20260402-020,2026-04-02 08:51:19.156,,cmmagsozx0002tjo9f0wsln3v,인천달빛스쿠터,221-10-31701,cmnh8jkh90007jzoy6x6olmjk,260402-020,ALBUM,TAXABLE,35880.00,0.00,0.00,0.00,35880.00,0.00,35880.00,postpaid,unpaid,,REGISTERED,압축앨범_세미앙블랙 - (251102) 양승배 박지혜 35p 주민t (레이첼)- [세미앙블랙],,cmmagsozx0002tjo9f0wsln3v,,,2026-04-02 08:51:19.158,2026-04-02 08:51:19.158,cmmag9dwy0003u21pmentbmrn
cmnh8jkuf001mjzoyqtawple7,SL-20260402-021,2026-04-02 08:51:19.238,,cmmagsozx0002tjo9f0wsln3v,인천달빛스쿠터,221-10-31701,cmnh8jkt50015jzoycp1k4am2,260402-021,ALBUM,TAXABLE,22600.00,0.00,0.00,0.00,22600.00,0.00,22600.00,postpaid,unpaid,,REGISTERED,압축앨범_세미앙블랙 - (251123) 신진복 이정아 20p 주민t (gd컨벤션)- [세미앙블랙] HAEMIL,,cmmagsozx0002tjo9f0wsln3v,,,2026-04-02 08:51:19.239,2026-04-02 08:51:19.239,cmmag9dwy0003u21pmentbmrn
cmni713hs001550xbs23dbmgc,SL-20260403-001,2026-04-03 00:56:43.504,,cmmagsozx0002tjo9f0wsln3v,인천달빛스쿠터,221-10-31701,cmni70rdj000o50xbubryan42,260403-001,ALBUM,TAXABLE,54000.00,0.00,0.00,0.00,54000.00,0.00,54000.00,postpaid,unpaid,,REGISTERED,압축앨범_세미앙블랙 - 김승빈 김윤지 20p 용희t (블랑해리)-6 [세미앙블랙],,cmmagsozx0002tjo9f0wsln3v,,,2026-04-03 00:56:43.505,2026-04-03 00:56:43.505,cmmag9dwy0003u21pmentbmrn
cmni71f90001v50xbigaomgp6,SL-20260403-002,2026-04-03 00:56:58.74,,cmmagsozx0002tjo9f0wsln3v,인천달빛스쿠터,221-10-31701,cmni713iq001e50xbq98acxrq,260403-002,ALBUM,TAXABLE,54000.00,0.00,0.00,0.00,54000.00,0.00,54000.00,postpaid,unpaid,,REGISTERED,압축앨범_세미앙블랙 - 김병희 허나경 20p 용희t (클라라)- [세미앙블랙],,cmmagsozx0002tjo9f0wsln3v,,,2026-04-03 00:56:58.74,2026-04-03 00:56:58.74,cmmag9dwy0003u21pmentbmrn
cmni71qzt002o50xbiyl3hlj9,SL-20260403-003,2026-04-03 00:57:13.961,,cmmagsozx0002tjo9f0wsln3v,인천달빛스쿠터,221-10-31701,cmni71f9i002450xbivnkb83x,260403-003,ALBUM,TAXABLE,54000.00,0.00,0.00,0.00,54000.00,0.00,54000.00,postpaid,unpaid,,REGISTERED,압축앨범_세미앙블랙 - 조경진 김지현 20p 용희t (차지연)-1 [세미앙블랙],,cmmagsozx0002tjo9f0wsln3v,,,2026-04-03 00:57:13.962,2026-04-03 00:57:13.962,cmmag9dwy0003u21pmentbmrn
cmni72bc1003f50xb5h4c1du8,SL-20260403-004,2026-04-03 00:57:40.32,,cmmagsozx0002tjo9f0wsln3v,인천달빛스쿠터,221-10-31701,cmni71za0002y50xb2mnfylf6,260403-004,ALBUM,TAXABLE,54000.00,0.00,0.00,0.00,54000.00,0.00,54000.00,postpaid,unpaid,,REGISTERED,압축앨범_세미앙블랙 - 김승빈 김윤지 20p 용희t (블랑해리)-6 [세미앙블랙],,cmmagsozx0002tjo9f0wsln3v,,,2026-04-03 00:57:40.321,2026-04-03 00:57:40.321,cmmag9dwy0003u21pmentbmrn
cmni72n3h004550xbm71iyr7z,SL-20260403-005,2026-04-03 00:57:55.564,,cmmagsozx0002tjo9f0wsln3v,인천달빛스쿠터,221-10-31701,cmni72bcn003o50xbbc5zt1mk,260403-005,ALBUM,TAXABLE,54000.00,0.00,0.00,0.00,54000.00,0.00,54000.00,postpaid,unpaid,,REGISTERED,압축앨범_세미앙블랙 - 김병희 허나경 20p 용희t (클라라)- [세미앙블랙],,cmmagsozx0002tjo9f0wsln3v,,,2026-04-03 00:57:55.566,2026-04-03 00:57:55.566,cmmag9dwy0003u21pmentbmrn
cmni72ytw004v50xbcgwwb5c2,SL-20260403-006,2026-04-03 00:58:10.771,,cmmagsozx0002tjo9f0wsln3v,인천달빛스쿠터,221-10-31701,cmni72n3z004e50xbyzm21207,260403-006,ALBUM,TAXABLE,54000.00,0.00,0.00,0.00,54000.00,0.00,54000.00,postpaid,unpaid,,REGISTERED,압축앨범_세미앙블랙 - 조경진 김지현 20p 용희t (차지연)-1 [세미앙블랙],,cmmagsozx0002tjo9f0wsln3v,,,2026-04-03 00:58:10.773,2026-04-03 00:58:10.773,cmmag9dwy0003u21pmentbmrn
cmni73ajx005s50xbxrhef65b,SL-20260403-007,2026-04-03 00:58:25.964,,cmmagsozx0002tjo9f0wsln3v,인천달빛스쿠터,221-10-31701,cmni72yuc005450xb8t9nvpvt,260403-007,ALBUM,TAXABLE,84100.00,0.00,0.00,0.00,84100.00,0.00,84100.00,postpaid,unpaid,,REGISTERED,압축앨범_세미앙블랙 - 유성윤 이시현 34p 용희t (웨스턴팰리스)-8 [세미앙블랙],,cmmagsozx0002tjo9f0wsln3v,,,2026-04-03 00:58:25.966,2026-04-03 00:58:25.966,cmmag9dwy0003u21pmentbmrn
cmni73mam006i50xb1ivlecvr,SL-20260403-008,2026-04-03 00:58:41.181,,cmmagsozx0002tjo9f0wsln3v,인천달빛스쿠터,221-10-31701,cmni73ake006150xbta45h5pe,260403-008,ALBUM,TAXABLE,22600.00,0.00,0.00,0.00,22600.00,0.00,22600.00,postpaid,unpaid,,REGISTERED,압축앨범_세미앙블랙 - 김영빈 정유빈 20p 용희t (아시아드)- [세미앙블랙],,cmmagsozx0002tjo9f0wsln3v,,,2026-04-03 00:58:41.182,2026-04-03 00:58:41.182,cmmag9dwy0003u21pmentbmrn
cmnjojmbq0018oej6mx7o14q4,SL-20260404-001,2026-04-04 01:54:47.365,,cmmagsozx0002tjo9f0wsln3v,인천달빛스쿠터,221-10-31701,cmnjoja8g000ooej6hdgbct7k,260404-001,ALBUM,TAXABLE,69050.00,0.00,0.00,0.00,69050.00,0.00,69050.00,postpaid,unpaid,,REGISTERED,압축앨범_세미앙블랙 - 260426[43]지승일 이수은_27p 우시우끝,,cmmagsozx0002tjo9f0wsln3v,,,2026-04-04 01:54:47.366,2026-04-04 01:54:47.366,cmmag9dwy0003u21pmentbmrn
cmnjojy36001zoej6zw469o4r,SL-20260404-002,2026-04-04 01:55:02.608,,cmmagsozx0002tjo9f0wsln3v,인천달빛스쿠터,221-10-31701,cmnjojmct001hoej6p8hijtp4,260404-002,ALBUM,TAXABLE,62600.00,0.00,0.00,0.00,62600.00,0.00,62600.00,postpaid,unpaid,,REGISTERED,압축앨범_세미앙블랙 - 260426[43]이준혁 이명은_24p 좌시우끝,,cmmagsozx0002tjo9f0wsln3v,,,2026-04-04 01:55:02.61,2026-04-04 01:55:02.61,cmmag9dwy0003u21pmentbmrn
cmnjok9v7002woej6l63nudtw,SL-20260404-003,2026-04-04 01:55:17.874,,cmmagsozx0002tjo9f0wsln3v,인천달빛스쿠터,221-10-31701,cmnjojy3m0028oej6oq2e3tje,260404-003,ALBUM,TAXABLE,35050.00,0.00,0.00,0.00,35050.00,0.00,35050.00,postpaid,unpaid,,REGISTERED,압축앨범_세미앙블랙 - 260425[43]임동현 임채희_35p 우시우끝,,cmmagsozx0002tjo9f0wsln3v,,,2026-04-04 01:55:17.875,2026-04-04 01:55:17.875,cmmag9dwy0003u21pmentbmrn
cmnjp2qjg0042oej6pq3edngr,SL-20260404-004,2026-04-04 02:09:39.291,,cmmagsozx0002tjo9f0wsln3v,인천달빛스쿠터,221-10-31701,cmnjp2ef2003ioej6qdgv5j6w,260404-004,ALBUM,TAXABLE,66350.00,0.00,0.00,0.00,66350.00,0.00,66350.00,postpaid,unpaid,,REGISTERED,압축앨범_세미앙블랙 - 260426[43]지승일 이수은_27p 우시우끝,,cmmagsozx0002tjo9f0wsln3v,,,2026-04-04 02:09:39.292,2026-04-04 02:09:39.292,cmmag9dwy0003u21pmentbmrn
cmnjp32b9004toej6yywi5qjq,SL-20260404-005,2026-04-04 02:09:54.548,,cmmagsozx0002tjo9f0wsln3v,인천달빛스쿠터,221-10-31701,cmnjp2qk2004boej6n8l89ir2,260404-005,ALBUM,TAXABLE,60200.00,0.00,0.00,0.00,60200.00,0.00,60200.00,postpaid,unpaid,,REGISTERED,압축앨범_세미앙블랙 - 260426[43]이준혁 이명은_24p 좌시우끝,,cmmagsozx0002tjo9f0wsln3v,,,2026-04-04 02:09:54.55,2026-04-04 02:09:54.55,cmmag9dwy0003u21pmentbmrn
cmnjp3e21005doej6jibutgn8,SL-20260404-006,2026-04-04 02:10:09.768,,cmmagsozx0002tjo9f0wsln3v,인천달빛스쿠터,221-10-31701,cmnjp32bt0052oej6mlsfqfj4,260404-006,ALBUM,TAXABLE,31500.00,0.00,0.00,0.00,31500.00,0.00,31500.00,postpaid,unpaid,,REGISTERED,압축앨범_세미앙블랙 - 260425[윤진아]김동원 이선미_10p 좌시우끝,,cmmagsozx0002tjo9f0wsln3v,,,2026-04-04 02:10:09.769,2026-04-04 02:10:09.769,cmmag9dwy0003u21pmentbmrn
cmnjp3pt0006aoej6esb72vvc,SL-20260404-007,2026-04-04 02:10:24.995,,cmmagsozx0002tjo9f0wsln3v,인천달빛스쿠터,221-10-31701,cmnjp3e2k005moej6g05q7vtb,260404-007,ALBUM,TAXABLE,82750.00,0.00,0.00,0.00,82750.00,0.00,82750.00,postpaid,unpaid,,REGISTERED,압축앨범_세미앙블랙 - 260425[43]임동현 임채희_35p 우시우끝,,cmmagsozx0002tjo9f0wsln3v,,,2026-04-04 02:10:24.997,2026-04-04 02:10:24.997,cmmag9dwy0003u21pmentbmrn
cmo6kw6bq001bnolzo2lj16dt,SL-20260420-001,2026-04-20 02:31:16.741,,cmmagsozx0002tjo9f0wsln3v,인천달빛스쿠터,221-10-31701,cmo6kw5xg000vnolzdlkpjclu,260420-001,ALBUM,TAXABLE,19900.00,0.00,5500.00,0.00,25400.00,0.00,25400.00,postpaid,unpaid,,REGISTERED,압축앨범_세미앙블랙 - 급건-팔사진관_잉크젯_811_10_염후란,,cmmagsozx0002tjo9f0wsln3v,,,2026-04-20 02:31:16.743,2026-04-20 02:31:16.743,cmmag9dwy0003u21pmentbmrn
cmo6kw6pg001vnolzec7ezsej,SL-20260420-002,2026-04-20 02:31:17.235,,cmmagsozx0002tjo9f0wsln3v,인천달빛스쿠터,221-10-31701,cmo6kw6cr001fnolzfmsi8iah,260420-002,ALBUM,TAXABLE,19900.00,0.00,0.00,0.00,19900.00,0.00,19900.00,postpaid,unpaid,,REGISTERED,압축앨범_세미앙블랙 - 급건-팔사진관_잉크젯_811_10_박지혜,,cmmagsozx0002tjo9f0wsln3v,,,2026-04-20 02:31:17.236,2026-04-20 02:31:17.236,cmmag9dwy0003u21pmentbmrn
cmo6nd3s90012gqcd5btggisr,SL-20260420-003,2026-04-20 03:40:25.832,,cmmagsozx0002tjo9f0wsln3v,인천달빛스쿠터,221-10-31701,cmo6nd30d000bgqcd3tst5h18,260420-003,ALBUM,TAXABLE,87700.00,0.00,0.00,0.00,82200.00,0.00,82200.00,postpaid,unpaid,,REGISTERED,"압축앨범_세미앙블랙 - (싱가포르팀) 1-20251121 - (KR2025299) - Jeju Studio 17 - Chai Voon Ming, Cassandra Keng Wei Ting - SG _ MY-42P-樣1",,cmmagsozx0002tjo9f0wsln3v,,,2026-04-20 03:40:25.834,2026-04-20 03:40:25.834,cmmag9dwy0003u21pmentbmrn
cmo6o2560000ortkn634frvrf,SL-20260420-004,2026-04-20 03:59:54.023,,cmmagsozx0002tjo9f0wsln3v,인천달빛스쿠터,221-10-31701,cmo6o24mu0004rtknhbdqise9,260420-004,ALBUM,TAXABLE,71200.00,0.00,0.00,0.00,71200.00,0.00,71200.00,postpaid,unpaid,,REGISTERED,압축앨범_세미앙블랙 - 260510[까사디루체]최호성 이주희_28p 좌시우끝,,cmmagsozx0002tjo9f0wsln3v,,,2026-04-20 03:59:54.024,2026-04-20 03:59:54.024,cmmag9dwy0003u21pmentbmrn
cmo6o6w2j001wrtkn11ru3uk4,SL-20260420-005,2026-04-20 04:03:35.514,,cmmagsozx0002tjo9f0wsln3v,인천달빛스쿠터,221-10-31701,cmo6o6vpj001frtknd5yvvnlq,260420-005,ALBUM,TAXABLE,58300.00,0.00,0.00,0.00,58300.00,0.00,58300.00,postpaid,unpaid,,REGISTERED,압축앨범_세미앙블랙 - 260509[라붐]강금석 민정혜_22p 좌시우끝,,cmmagsozx0002tjo9f0wsln3v,,,2026-04-20 04:03:35.516,2026-04-20 04:03:35.516,cmmag9dwy0003u21pmentbmrn
cmo6tdzxu000nxm9i5cj2dtrg,SL-20260420-006,2026-04-20 06:29:05.2,,cmmagsozx0002tjo9f0wsln3v,인천달빛스쿠터,221-10-31701,cmo6tdzh50004xm9itet2zvsk,260420-006,ALBUM,TAXABLE,62600.00,0.00,0.00,0.00,62600.00,0.00,62600.00,postpaid,unpaid,,REGISTERED,압축앨범_세미앙블랙 - (251228) 윤찬기 권현아 23p 다희s (유리구두)-[뉴피아]-빈,,cmmagsozx0002tjo9f0wsln3v,,,2026-04-20 06:29:05.202,2026-04-20 06:29:05.202,cmmag9dwy0003u21pmentbmrn
cmo6te0gy001gxm9iot4rufw2,SL-20260420-007,2026-04-20 06:29:05.889,,cmmagsozx0002tjo9f0wsln3v,인천달빛스쿠터,221-10-31701,cmo6tdzyz000wxm9i2p4t4oa8,260420-007,ALBUM,TAXABLE,66900.00,0.00,0.00,0.00,66900.00,0.00,66900.00,postpaid,unpaid,,REGISTERED,압축앨범_세미앙블랙 - (251226) 이충연 조현진 26p 다희s (차지연)-7 [뉴피아]-해리,,cmmagsozx0002tjo9f0wsln3v,,,2026-04-20 06:29:05.89,2026-04-20 06:29:05.89,cmmag9dwy0003u21pmentbmrn
cmo6te1be002jxm9iuzq09lo8,SL-20260420-008,2026-04-20 06:29:06.985,,cmmagsozx0002tjo9f0wsln3v,인천달빛스쿠터,221-10-31701,cmo6te0hp001pxm9ixbtxykq6,260420-008,ALBUM,TAXABLE,44180.00,0.00,0.00,0.00,44180.00,0.00,44180.00,postpaid,unpaid,,REGISTERED,압축앨범_세미앙블랙 - (260103) 박지홍 김단비 46p 다희s (그랜드오스티엄)-9 [뉴피아]-빈,,cmmagsozx0002tjo9f0wsln3v,,,2026-04-20 06:29:06.987,2026-04-20 06:29:06.987,cmmag9dwy0003u21pmentbmrn
cmo80oy31001ex6hzjqzvm4gy,SL-20260421-001,2026-04-21 02:41:19.5,,cmmagsozx0002tjo9f0wsln3v,인천달빛스쿠터,221-10-31701,cmo80oxet000jx6hzrbetcdti,260421-001,ALBUM,TAXABLE,53750.00,0.00,5500.00,0.00,59250.00,0.00,59250.00,postpaid,unpaid,,REGISTERED,압축앨범_세미앙블랙 - 김지예_화이트_9x12_오른시작_25p_1권_압축,,cmmagsozx0002tjo9f0wsln3v,,,2026-04-21 02:41:19.502,2026-04-21 02:41:19.502,cmmag9dwy0003u21pmentbmrn
cmo81izdj0015ajuutl90god5,SL-20260421-002,2026-04-21 03:04:40.853,,cmmagsozx0002tjo9f0wsln3v,인천달빛스쿠터,221-10-31701,cmo81iygn0007ajuutepxoord,260421-002,ALBUM,TAXABLE,57250.00,0.00,0.00,0.00,51750.00,0.00,51750.00,transfer,unpaid,,REGISTERED,압축앨범_세미앙블랙 - 양미선_화이트_9x12_오른시작_27p_1권_압축,,cmmagsozx0002tjo9f0wsln3v,,,2026-04-21 03:04:40.855,2026-04-21 03:04:40.855,cmmag9dwy0003u21pmentbmrn
cmo81j06o0024ajuu9eaw0oti,SL-20260421-003,2026-04-21 03:04:41.903,,cmmagsozx0002tjo9f0wsln3v,인천달빛스쿠터,221-10-31701,cmo81izee0019ajuuoljktdlc,260421-003,ALBUM,TAXABLE,53750.00,0.00,0.00,0.00,53750.00,0.00,53750.00,transfer,unpaid,,REGISTERED,압축앨범_세미앙블랙 - 김지예_화이트_9x12_오른시작_25p_1권_압축,,cmmagsozx0002tjo9f0wsln3v,,,2026-04-21 03:04:41.905,2026-04-21 03:04:41.905,cmmag9dwy0003u21pmentbmrn
cmo87khk1001neql7slhq8fez,SL-20260421-004,2026-04-21 05:53:48.768,,cmmagsozx0002tjo9f0wsln3v,인천달빛스쿠터,221-10-31701,cmo87kgp9000seql7mbitu4om,260421-004,ALBUM,TAXABLE,56250.00,0.00,0.00,0.00,56250.00,0.00,56250.00,postpaid,unpaid,,REGISTERED,압축앨범_세미앙블랙 - 김지예_화이트_9x12_오른시작_25p_1권_압축,,cmmagsozx0002tjo9f0wsln3v,,,2026-04-21 05:53:48.769,2026-04-21 05:53:48.769,cmmag9dwy0003u21pmentbmrn
cmo87kifc002seql7lf5p1wfe,SL-20260421-005,2026-04-21 05:53:49.896,,cmmagsozx0002tjo9f0wsln3v,인천달빛스쿠터,221-10-31701,cmo87khl4001weql760jfsy4y,260421-005,ALBUM,TAXABLE,58100.00,0.00,0.00,0.00,58100.00,0.00,58100.00,postpaid,unpaid,,REGISTERED,압축앨범_세미앙블랙 - 김승연_화이트_9x12_왼시작_26p_1권_압축,,cmmagsozx0002tjo9f0wsln3v,,,2026-04-21 05:53:49.897,2026-04-21 05:53:49.897,cmmag9dwy0003u21pmentbmrn
cmo87kjac003yeql7u6plirbk,SL-20260421-006,2026-04-21 05:53:51.012,,cmmagsozx0002tjo9f0wsln3v,인천달빛스쿠터,221-10-31701,cmo87kig00031eql7edjg0ff0,260421-006,ALBUM,TAXABLE,59950.00,0.00,0.00,0.00,59950.00,0.00,59950.00,postpaid,unpaid,,REGISTERED,압축앨범_세미앙블랙 - 양미선_화이트_9x12_오른시작_27p_1권_압축,,cmmagsozx0002tjo9f0wsln3v,,,2026-04-21 05:53:51.012,2026-04-21 05:53:51.012,cmmag9dwy0003u21pmentbmrn
cmo87opoo005ieql7rnxdbq50,SL-20260421-007,2026-04-21 05:57:05.928,,cmmagsozx0002tjo9f0wsln3v,인천달빛스쿠터,221-10-31701,cmo87op1n004leql7oewdqel5,260421-007,ALBUM,TAXABLE,57250.00,0.00,0.00,0.00,57250.00,57250.00,0.00,card,paid,,REGISTERED,압축앨범_세미앙블랙 - 양미선_화이트_9x12_오른시작_27p_1권_압축,,cmmagsozx0002tjo9f0wsln3v,,,2026-04-21 05:57:05.929,2026-04-21 05:57:05.929,cmmag9dwy0003u21pmentbmrn
cmo8cyudw000wsa3e06tt8zqq,SL-20260421-008,2026-04-21 08:24:56.659,,cmmagsozx0002tjo9f0wsln3v,인천달빛스쿠터,221-10-31701,cmo8cytz3000fsa3eikx6li0a,260421-008,ALBUM,TAXABLE,54000.00,0.00,0.00,0.00,54000.00,0.00,54000.00,postpaid,unpaid,,REGISTERED,압축앨범_세미앙블랙 - (251207) 김도현 정민지 20p 상준e (클라라)- [세미앙블랙] HAEMIL,,cmmagsozx0002tjo9f0wsln3v,,,2026-04-21 08:24:56.66,2026-04-21 08:24:56.66,cmmag9dwy0003u21pmentbmrn
cmo8cyv5q001vsa3e7t65quaj,SL-20260421-009,2026-04-21 08:24:57.661,,cmmagsozx0002tjo9f0wsln3v,인천달빛스쿠터,221-10-31701,cmo8cyuf20015sa3eeqb3vmnx,260421-009,ALBUM,TAXABLE,92700.00,0.00,0.00,0.00,92700.00,0.00,92700.00,postpaid,unpaid,,REGISTERED,압축앨범_세미앙블랙 - (251205) 박신영 김하얀 38p 상준e (아시아드)-6 [세미앙블랙]-연정,,cmmagsozx0002tjo9f0wsln3v,,,2026-04-21 08:24:57.662,2026-04-21 08:24:57.662,cmmag9dwy0003u21pmentbmrn
cmo8cyvlf002lsa3egsf8th1k,SL-20260421-010,2026-04-21 08:24:58.226,,cmmagsozx0002tjo9f0wsln3v,인천달빛스쿠터,221-10-31701,cmo8cyv6f0024sa3enx96t2t7,260421-010,ALBUM,TAXABLE,54000.00,0.00,0.00,0.00,54000.00,0.00,54000.00,postpaid,unpaid,,REGISTERED,압축앨범_세미앙블랙 - (251205) 김의권 김민지 20p 상준e (mj)-[세미앙블랙]-서하,,cmmagsozx0002tjo9f0wsln3v,,,2026-04-21 08:24:58.227,2026-04-21 08:24:58.227,cmmag9dwy0003u21pmentbmrn
cmo8gccie0019129hsw76yxjm,SL-20260421-011,2026-04-21 09:59:25.526,,cmmagsozx0002tjo9f0wsln3v,인천달빛스쿠터,221-10-31701,cmo8gcbne000c129h8jwgz2c5,260421-011,ALBUM,TAXABLE,59950.00,0.00,0.00,0.00,59950.00,0.00,59950.00,postpaid,unpaid,,REGISTERED,압축앨범_세미앙블랙 - 양미선_화이트_9x12_오른시작_27p_1권_압축,,cmmagsozx0002tjo9f0wsln3v,,,2026-04-21 09:59:25.527,2026-04-21 09:59:25.527,cmmag9dwy0003u21pmentbmrn
cmo8gcdfx002d129hagyd1g2z,SL-20260421-012,2026-04-21 09:59:26.733,,cmmagsozx0002tjo9f0wsln3v,인천달빛스쿠터,221-10-31701,cmo8gccjs001i129h33c72gz0,260421-012,ALBUM,TAXABLE,56250.00,0.00,0.00,0.00,56250.00,0.00,56250.00,postpaid,unpaid,,REGISTERED,압축앨범_세미앙블랙 - 김지예_화이트_9x12_오른시작_25p_1권_압축,,cmmagsozx0002tjo9f0wsln3v,,,2026-04-21 09:59:26.734,2026-04-21 09:59:26.734,cmmag9dwy0003u21pmentbmrn
cmo8gcef4003i129h9l5tvkez,SL-20260421-013,2026-04-21 09:59:27.999,,cmmagsozx0002tjo9f0wsln3v,인천달빛스쿠터,221-10-31701,cmo8gcdgo002m129hh4lhidfx,260421-013,ALBUM,TAXABLE,58100.00,0.00,0.00,0.00,58100.00,0.00,58100.00,postpaid,unpaid,,REGISTERED,압축앨범_세미앙블랙 - 김승연_화이트_9x12_왼시작_26p_1권_압축,,cmmagsozx0002tjo9f0wsln3v,,,2026-04-21 09:59:28,2026-04-21 09:59:28,cmmag9dwy0003u21pmentbmrn
cmo9azx6n000o5pcuqavt5zfa,SL-20260422-001,2026-04-22 00:17:33.886,,cmmagsozx0002tjo9f0wsln3v,인천달빛스쿠터,221-10-31701,cmo9azvda000d5pcus2l3556w,260422-001,ALBUM,TAXABLE,32500.00,0.00,5500.00,0.00,38000.00,0.00,38000.00,postpaid,unpaid,,REGISTERED,압축앨범_세미앙블랙 - 인디고 색상테스트_NEW,,cmmagsozx0002tjo9f0wsln3v,,,2026-04-22 00:17:33.887,2026-04-22 00:17:33.887,cmmag9dwy0003u21pmentbmrn
